{"stats":{"minecraft:mined":{"minecraft:white_bed":11,"minecraft:granite":2,"minecraft:red_sand":15,"minecraft:grass_block":106,"minecraft:oak_pressure_plate":1,"minecraft:spawner":1,"minecraft:gilded_blackstone":1,"minecraft:polished_blackstone_bricks":5,"minecraft:tall_seagrass":11,"minecraft:magma_block":34,"minecraft:glowstone":6,"minecraft:fire":83,"minecraft:oak_stairs":1,"minecraft:tripwire":22,"minecraft:orange_terracotta":8,"minecraft:dead_bush":58,"minecraft:nether_quartz_ore":3,"minecraft:cobblestone":5,"minecraft:oak_planks":1077,"minecraft:sugar_cane":11,"minecraft:iron_door":9,"minecraft:wall_torch":1,"minecraft:white_terracotta":1,"minecraft:seagrass":2,"minecraft:light_weighted_pressure_plate":12,"minecraft:warped_nylium":1,"minecraft:wheat":1,"minecraft:birch_log":44,"minecraft:black_bed":1,"minecraft:tnt":113,"minecraft:grass":40,"minecraft:oak_log":99,"minecraft:sand":100,"minecraft:dirt":45,"minecraft:netherrack":331,"minecraft:oak_leaves":129,"minecraft:emerald_block":3,"minecraft:nether_gold_ore":1,"minecraft:oak_door":42,"minecraft:end_stone":7,"minecraft:nether_bricks":87,"minecraft:lever":11,"minecraft:redstone_wire":1,"minecraft:crimson_button":2,"minecraft:sandstone":5,"minecraft:oak_trapdoor":20,"minecraft:heavy_weighted_pressure_plate":27,"minecraft:nether_sprouts":2,"minecraft:andesite":5,"minecraft:peony":2,"minecraft:nether_brick_fence":17,"minecraft:stripped_oak_log":1,"minecraft:stripped_jungle_log":3,"minecraft:bamboo":1,"minecraft:stone":42,"minecraft:glass_pane":2,"minecraft:soul_sand":17,"minecraft:infested_stone_bricks":1,"minecraft:crafting_table":12983,"minecraft:lily_pad":7,"minecraft:cactus":1,"minecraft:birch_planks":1,"minecraft:birch_leaves":33,"minecraft:grass_path":7,"minecraft:gravel":19,"minecraft:cobweb":3,"minecraft:cracked_stone_bricks":1,"minecraft:terracotta":2,"minecraft:oak_button":9,"minecraft:stone_bricks":3,"minecraft:mossy_stone_bricks":3},"minecraft:dropped":{"minecraft:iron_sword":270,"minecraft:soul_sand":5,"minecraft:birch_planks":3,"minecraft:diamond_axe":1,"minecraft:orange_dye":4,"minecraft:lapis_lazuli":12,"minecraft:oak_pressure_plate":2,"minecraft:oak_log":215,"minecraft:golden_pickaxe":4,"minecraft:ender_pearl":240,"minecraft:diamond":559,"minecraft:crafting_table":1887,"minecraft:leather":11,"minecraft:jungle_planks":250,"minecraft:emerald":2950,"minecraft:light_weighted_pressure_plate":2177,"minecraft:flint":3,"minecraft:dirt":19,"minecraft:packed_ice":2,"minecraft:cooked_cod":303,"minecraft:wooden_sword":1,"minecraft:gold_nugget":365,"minecraft:bone_block":1,"minecraft:sand":35,"minecraft:iron_pickaxe":40,"minecraft:white_wool":14,"minecraft:gray_dye":4,"minecraft:gold_ingot":2074,"minecraft:oak_door":302,"minecraft:gravel":169,"minecraft:sugar_cane":2,"minecraft:lever":1,"minecraft:iron_nugget":1134,"minecraft:wheat":66,"minecraft:obsidian":2,"minecraft:rotten_flesh":1,"minecraft:oak_planks":1311,"minecraft:diamond_shovel":29,"minecraft:lime_dye":8,"minecraft:blaze_powder":2,"minecraft:golden_shovel":30,"minecraft:white_bed":3,"minecraft:poppy":2,"minecraft:leather_chestplate":6,"minecraft:ocelot_spawn_egg":64,"minecraft:heavy_weighted_pressure_plate":3292,"minecraft:glowstone":2,"minecraft:birch_door":9,"minecraft:chest":17,"minecraft:white_dye":6,"minecraft:arrow":8,"minecraft:warped_wart_block":1,"minecraft:chain_command_block":2,"minecraft:quartz":29,"minecraft:oak_leaves":3,"minecraft:splash_potion":4,"minecraft:water_bucket":5,"minecraft:iron_ingot":3229,"minecraft:bread":44,"minecraft:wheat_seeds":11,"minecraft:birch_leaves":1,"minecraft:golden_helmet":1,"minecraft:tnt":243,"minecraft:mossy_cobblestone":1,"minecraft:cyan_dye":3,"minecraft:prismarine_crystals":1000,"minecraft:feather":1,"minecraft:golden_axe":19,"minecraft:cobblestone":6,"minecraft:lead":2,"minecraft:granite":1,"minecraft:command_block":2,"minecraft:stick":750,"minecraft:lava_bucket":1,"minecraft:blue_dye":1,"minecraft:nether_gold_ore":1,"minecraft:iron_trapdoor":1,"minecraft:golden_carrot":61,"minecraft:ink_sac":4,"minecraft:wooden_hoe":5,"minecraft:wooden_axe":7,"minecraft:iron_door":14,"minecraft:cooked_salmon":362,"minecraft:oak_stairs":2,"minecraft:golden_hoe":64,"minecraft:heart_of_the_sea":232,"minecraft:iron_axe":52,"minecraft:iron_shovel":67,"minecraft:string":61,"minecraft:lily_pad":12,"minecraft:bucket":2170,"minecraft:redstone":1,"minecraft:polished_diorite":1,"minecraft:nether_brick_slab":12,"minecraft:oak_trapdoor":424,"minecraft:blaze_rod":59,"minecraft:bowl":20,"minecraft:diamond_hoe":16,"minecraft:iron_boots":4,"minecraft:iron_hoe":282,"minecraft:ender_eye":24,"minecraft:shears":745,"minecraft:flint_and_steel":21,"minecraft:filled_map":1,"minecraft:diamond_sword":440,"minecraft:light_blue_dye":4,"minecraft:shield":1,"minecraft:oak_button":2116,"minecraft:peony":1,"minecraft:diamond_pickaxe":7,"minecraft:andesite":1,"minecraft:mossy_stone_bricks":6,"minecraft:oak_boat":505,"minecraft:oak_sapling":4,"minecraft:wooden_shovel":5,"minecraft:stone_pressure_plate":17,"minecraft:bamboo":1,"minecraft:light_gray_dye":2,"minecraft:diamond_boots":1,"minecraft:birch_boat":5,"minecraft:red_sand":1,"minecraft:magenta_dye":4,"minecraft:wooden_pickaxe":8,"minecraft:black_wool":1},"minecraft:killed_by":{"minecraft:blaze":1,"minecraft:endermite":1,"minecraft:player":1},"minecraft:picked_up":{"minecraft:birch_door":1,"minecraft:wheat":1,"minecraft:nether_brick_fence":15,"minecraft:lead":14,"minecraft:diamond_sword":59,"minecraft:oak_stairs":1,"minecraft:golden_shovel":7,"minecraft:gilded_blackstone":1,"minecraft:nether_brick":85,"minecraft:golden_sword":2,"minecraft:string":1078,"minecraft:cooked_salmon":90,"minecraft:pufferfish":2,"minecraft:experience_bottle":1,"minecraft:red_sand":14,"minecraft:gold_nugget":209,"minecraft:bucket":292,"minecraft:light_weighted_pressure_plate":1059,"minecraft:rose_bush":1,"minecraft:ender_eye":20,"minecraft:wooden_shovel":1,"minecraft:iron_pickaxe":20,"minecraft:iron_boots":12,"minecraft:golden_helmet":3,"minecraft:stick":361,"minecraft:torch":1,"minecraft:crimson_button":7,"minecraft:golden_axe":12,"minecraft:golden_chestplate":2,"minecraft:cactus":5,"minecraft:rotten_flesh":24,"minecraft:glowstone":1,"minecraft:white_terracotta":1,"minecraft:blaze_rod":92,"minecraft:obsidian":329,"minecraft:snowball":15,"minecraft:blaze_powder":92,"minecraft:cobblestone":54,"minecraft:birch_log":53,"minecraft:magma_block":30,"minecraft:leather_chestplate":3,"minecraft:feather":1,"minecraft:magma_cream":2,"minecraft:iron_door":14,"minecraft:andesite":4,"minecraft:golden_leggings":4,"minecraft:black_bed":1,"minecraft:flint":23,"minecraft:acacia_boat":131,"minecraft:lapis_lazuli":10,"minecraft:dirt":552,"minecraft:bone":8,"minecraft:acacia_planks":1,"minecraft:wheat_seeds":16,"minecraft:mossy_stone_bricks":6,"minecraft:bamboo":10,"minecraft:rabbit":1,"minecraft:glowstone_dust":265,"minecraft:oak_planks":15071,"minecraft:oak_pressure_plate":3,"minecraft:sand":181,"minecraft:jungle_planks":250,"minecraft:ink_sac":17,"minecraft:iron_hoe":35,"minecraft:diamond":174,"minecraft:lever":127,"minecraft:granite":2,"minecraft:bone_meal":2,"minecraft:golden_apple":3,"minecraft:emerald":930,"minecraft:bread":110,"minecraft:oak_sapling":7,"minecraft:netherrack":335,"minecraft:oak_leaves":71,"minecraft:nether_star":3,"minecraft:diamond_pickaxe":3,"minecraft:crafting_table":10548,"minecraft:splash_potion":15,"minecraft:chicken":1,"minecraft:golden_pickaxe":2,"minecraft:packed_ice":1,"minecraft:wooden_pickaxe":3,"minecraft:heavy_weighted_pressure_plate":1605,"minecraft:oak_trapdoor":90,"minecraft:iron_axe":33,"minecraft:flint_and_steel":17,"minecraft:iron_shovel":21,"minecraft:cracked_stone_bricks":1,"minecraft:oak_boat":677,"minecraft:iron_nugget":607,"minecraft:poppy":2,"minecraft:sugar_cane":21,"minecraft:chest":5,"minecraft:sandstone":31,"minecraft:end_stone":32,"minecraft:stone":61,"minecraft:oak_door":119,"minecraft:bowl":4,"minecraft:fire_charge":23,"minecraft:polished_blackstone_bricks":4,"minecraft:redstone":1,"minecraft:prismarine_crystals":283,"minecraft:stone_pressure_plate":17,"minecraft:tnt":143,"minecraft:arrow":12,"minecraft:cooked_cod":86,"minecraft:golden_hoe":15,"minecraft:peony":2,"minecraft:nether_bricks":491,"minecraft:shears":126,"minecraft:gold_ingot":701,"minecraft:glistering_melon_slice":4,"minecraft:white_wool":1,"minecraft:stripped_oak_log":1,"minecraft:birch_leaves":14,"minecraft:clock":1,"minecraft:golden_carrot":24,"minecraft:salmon":25,"minecraft:leather":86,"minecraft:birch_planks":9,"minecraft:filled_map":1,"minecraft:oak_log":188,"minecraft:lily_pad":14,"minecraft:golden_boots":3,"minecraft:gunpowder":5,"minecraft:paper":6,"minecraft:birch_pressure_plate":1,"minecraft:orange_terracotta":3,"minecraft:stone_bricks":3,"minecraft:heart_of_the_sea":60,"minecraft:iron_ingot":1969,"minecraft:iron_sword":81,"minecraft:soul_sand":455,"minecraft:book":7,"minecraft:emerald_block":8,"minecraft:birch_boat":16,"minecraft:quartz":48,"minecraft:gravel":670,"minecraft:lava_bucket":11,"minecraft:white_bed":13,"minecraft:nether_brick_slab":12,"minecraft:crying_obsidian":136,"minecraft:stripped_jungle_log":2,"minecraft:diamond_shovel":8,"minecraft:pumpkin_seeds":4,"minecraft:polished_diorite":1,"minecraft:oak_button":651,"minecraft:terracotta":1,"minecraft:ender_pearl":218},"minecraft:broken":{"minecraft:golden_shovel":1,"minecraft:golden_axe":8,"minecraft:golden_pickaxe":1},"minecraft:custom":{"minecraft:interact_with_crafting_table":27569,"minecraft:leave_game":1193,"minecraft:time_since_death":243817,"minecraft:sprint_one_cm":24723300,"minecraft:drop":19576,"minecraft:deaths":1141,"minecraft:jump":200145,"minecraft:walk_on_water_one_cm":106732,"minecraft:play_one_minute":9690713,"minecraft:interact_with_loom":2,"minecraft:damage_dealt":47675,"minecraft:crouch_one_cm":1405578,"minecraft:interact_with_smithing_table":3,"minecraft:interact_with_anvil":4,"minecraft:mob_kills":221,"minecraft:climb_one_cm":11547,"minecraft:walk_one_cm":10766634,"minecraft:sneak_time":442791,"minecraft:walk_under_water_one_cm":208269,"minecraft:boat_one_cm":362536,"minecraft:time_since_rest":243817,"minecraft:damage_taken":166788,"minecraft:damage_absorbed":90,"minecraft:swim_one_cm":146279,"minecraft:fly_one_cm":43156883,"minecraft:open_chest":27007,"minecraft:fall_one_cm":5523538},"minecraft:killed":{"minecraft:witch":1,"minecraft:spider":3,"minecraft:pufferfish":1,"minecraft:wither":2,"minecraft:skeleton":12,"minecraft:chicken":1,"minecraft:silverfish":1,"minecraft:magma_cube":2,"minecraft:salmon":18,"minecraft:iron_golem":1,"minecraft:ender_dragon":1,"minecraft:creeper":7,"minecraft:sheep":1,"minecraft:trader_llama":24,"minecraft:zombie":18,"minecraft:blaze":96,"minecraft:endermite":4,"minecraft:llama":1,"minecraft:rabbit":2,"minecraft:wandering_trader":9,"minecraft:squid":6,"minecraft:wither_skeleton":5},"minecraft:used":{"minecraft:red_sand":36,"minecraft:melon":729,"minecraft:iron_shovel":139,"minecraft:ladder":6,"minecraft:bone_block":7971,"minecraft:chest":15,"minecraft:white_terracotta":1,"minecraft:iron_sword":20,"minecraft:stone":36428,"minecraft:player_head":20,"minecraft:rotten_flesh":2,"minecraft:soul_sand":1410,"minecraft:birch_pressure_plate":1,"minecraft:nether_bricks":1844,"minecraft:jungle_planks":5,"minecraft:orange_wool":2,"minecraft:obsidian":2805,"minecraft:cyan_wool":3,"minecraft:snowball":46,"minecraft:crimson_button":10,"minecraft:glass":19,"minecraft:packed_ice":11932,"minecraft:lava_bucket":545,"minecraft:coal_ore":443,"minecraft:red_wool":3,"minecraft:grass_block":1036,"minecraft:panda_spawn_egg":2,"minecraft:green_wool":2,"minecraft:warped_nylium":286,"minecraft:pink_wool":1665,"minecraft:stone_bricks":2,"minecraft:bedrock":164,"minecraft:golden_sword":14,"minecraft:magma_block":5,"minecraft:dark_oak_boat":3,"minecraft:cooked_cod":35,"minecraft:gray_bed":2,"minecraft:gold_block":88,"minecraft:wither_skeleton_skull":9,"minecraft:stripped_acacia_log":39,"minecraft:birch_leaves":372,"minecraft:prismarine":58,"minecraft:oak_planks":29995,"minecraft:ender_pearl":157,"minecraft:blackstone":32,"minecraft:wooden_pickaxe":2,"minecraft:sandstone":16,"minecraft:diamond_axe":45,"minecraft:sugar_cane":8,"minecraft:respawn_anchor":74,"minecraft:golden_apple":5,"minecraft:white_wool":42388,"minecraft:oak_leaves":4708,"minecraft:golden_hoe":7,"minecraft:sand":14004,"minecraft:light_blue_wool":2,"minecraft:loom":1,"minecraft:black_bed":1,"minecraft:end_stone":20,"minecraft:shears":105,"minecraft:birch_fence":53,"minecraft:lever":122,"minecraft:black_concrete":445,"minecraft:crying_obsidian":20,"minecraft:string":140,"minecraft:heavy_weighted_pressure_plate":41,"minecraft:bread":28,"minecraft:brown_wool":3,"minecraft:oak_pressure_plate":7,"minecraft:iron_door":18,"minecraft:gravel":558,"minecraft:diamond_sword":85,"minecraft:wooden_sword":20,"minecraft:smithing_table":3,"minecraft:andesite":18,"minecraft:birch_log":653,"minecraft:oak_boat":653,"minecraft:white_concrete":576,"minecraft:cobweb":3,"minecraft:purple_wool":3,"minecraft:golden_pickaxe":47,"minecraft:oak_trapdoor":22,"minecraft:iron_bars":240,"minecraft:stone_sword":2,"minecraft:acacia_log":136,"minecraft:flint_and_steel":40,"minecraft:carved_pumpkin":2,"minecraft:pufferfish_spawn_egg":2,"minecraft:spruce_planks":135,"minecraft:wither_skeleton_spawn_egg":7,"minecraft:cooked_salmon":21,"minecraft:wooden_shovel":5,"minecraft:netherrack":350,"minecraft:oak_door":283,"minecraft:anvil":1,"minecraft:dirt":172,"minecraft:warped_wart_block":1495,"minecraft:ancient_debris":1,"minecraft:spruce_stairs":4,"minecraft:golden_shovel":141,"minecraft:salmon_bucket":1,"minecraft:blue_concrete":6429,"minecraft:granite":1162,"minecraft:polished_diorite":1254,"minecraft:birch_door":3,"minecraft:iron_hoe":2,"minecraft:brown_terracotta":154,"minecraft:dark_oak_planks":232,"minecraft:wooden_axe":262,"minecraft:sea_lantern":330,"minecraft:light_weighted_pressure_plate":19,"minecraft:iron_axe":9093,"minecraft:oak_stairs":20,"minecraft:jungle_log":137,"minecraft:crimson_planks":116,"minecraft:blaze_spawn_egg":2,"minecraft:light_gray_wool":2,"minecraft:basalt":22,"minecraft:glowstone":77,"minecraft:golden_carrot":26,"minecraft:emerald_block":473,"minecraft:magenta_wool":3,"minecraft:salmon_spawn_egg":1,"minecraft:stone_pressure_plate":59,"minecraft:acacia_planks":42,"minecraft:orange_terracotta":201,"minecraft:pumpkin":1,"minecraft:golden_axe":5245,"minecraft:quartz_bricks":14,"minecraft:water_bucket":206,"minecraft:acacia_boat":167,"minecraft:snow_block":337,"minecraft:birch_planks":196,"minecraft:polished_andesite":527,"minecraft:lime_wool":2,"minecraft:blue_wool":2,"minecraft:birch_boat":43,"minecraft:brown_mushroom":1,"minecraft:llama_spawn_egg":9,"minecraft:gold_ore":774,"minecraft:conduit":3,"minecraft:salmon":7,"minecraft:polished_blackstone_bricks":120,"minecraft:gilded_blackstone":65,"minecraft:pink_concrete":98,"minecraft:mossy_cobblestone":13,"minecraft:stripped_dark_oak_log":1,"minecraft:terracotta":187,"minecraft:tnt":399,"minecraft:crafting_table":13437,"minecraft:oak_slab":39,"minecraft:white_bed":15,"minecraft:warped_planks":554,"minecraft:nether_gold_ore":9373,"minecraft:black_wool":3,"minecraft:diamond_pickaxe":292,"minecraft:oak_log":4842,"minecraft:ender_eye":43,"minecraft:diamond_shovel":44,"minecraft:acacia_sign":9,"minecraft:stripped_jungle_log":133,"minecraft:command_block":157,"minecraft:chicken":1,"minecraft:oak_button":44,"minecraft:iron_pickaxe":330,"minecraft:stone_slab":6,"minecraft:stone_axe":3,"minecraft:yellow_wool":2,"minecraft:cobblestone":420,"minecraft:bucket":549,"minecraft:chain_command_block":41,"minecraft:glass_pane":17,"minecraft:gray_wool":2,"minecraft:splash_potion":8},"minecraft:crafted":{"minecraft:black_dye":10,"minecraft:oak_planks":541172,"minecraft:yellow_wool":4,"minecraft:oak_sign":3,"minecraft:dark_oak_boat":4,"minecraft:oak_pressure_plate":48,"minecraft:quartz_bricks":16,"minecraft:blaze_powder":170,"minecraft:birch_boat":13,"minecraft:loom":1,"minecraft:diamond_shovel":3056,"minecraft:heavy_weighted_pressure_plate":3093,"minecraft:gray_wool":4,"minecraft:iron_bars":96,"minecraft:warped_planks":12,"minecraft:quartz_block":16,"minecraft:iron_boots":1,"minecraft:chest":14,"minecraft:oak_button":5587,"minecraft:iron_door":2120,"minecraft:birch_door":15,"minecraft:black_wool":4,"minecraft:ender_eye":72,"minecraft:magenta_dye":8,"minecraft:golden_sword":3,"minecraft:respawn_anchor":5,"minecraft:golden_boots":198,"minecraft:golden_axe":4949,"minecraft:oak_slab":150,"minecraft:wooden_shovel":153,"minecraft:emerald":18,"minecraft:cauldron":1,"minecraft:diamond_axe":46,"minecraft:crafting_table":15379,"minecraft:spruce_planks":256,"minecraft:wooden_pickaxe":71,"minecraft:spruce_door":6,"minecraft:smithing_table":1,"minecraft:birch_pressure_plate":1,"minecraft:red_wool":4,"minecraft:golden_pickaxe":666,"minecraft:oak_wood":6,"minecraft:hay_block":14,"minecraft:birch_planks":740,"minecraft:warped_door":3,"minecraft:purple_dye":10,"minecraft:golden_leggings":8,"minecraft:diamond_pickaxe":1789,"minecraft:wooden_hoe":11,"minecraft:yellow_dye":10,"minecraft:pink_wool":4,"minecraft:shield":1,"minecraft:birch_fence":3,"minecraft:light_weighted_pressure_plate":2070,"minecraft:stick":130202,"minecraft:stone_slab":6,"minecraft:light_blue_dye":10,"minecraft:iron_ingot":511,"minecraft:iron_pickaxe":13145,"minecraft:gold_ingot":91,"minecraft:acacia_door":6,"minecraft:light_gray_dye":7,"minecraft:cyan_wool":3,"minecraft:shears":4577,"minecraft:coarse_dirt":128,"minecraft:wooden_sword":25,"minecraft:purple_wool":4,"minecraft:oak_door":42570,"minecraft:magenta_wool":4,"minecraft:nether_brick_slab":6,"minecraft:golden_chestplate":1,"minecraft:iron_nugget":3446,"minecraft:diamond_hoe":36,"minecraft:light_gray_wool":4,"minecraft:gray_dye":9,"minecraft:mushroom_stew":2,"minecraft:crimson_button":1,"minecraft:bone_meal":42,"minecraft:pink_dye":10,"minecraft:orange_wool":4,"minecraft:oak_trapdoor":922,"minecraft:flint_and_steel":42,"minecraft:iron_axe":9796,"minecraft:iron_hoe":608,"minecraft:lime_dye":12,"minecraft:spruce_boat":3,"minecraft:dark_oak_planks":256,"minecraft:golden_helmet":167,"minecraft:minecart":11,"minecraft:wheat":180,"minecraft:red_dye":20,"minecraft:crimson_planks":256,"minecraft:diamond_sword":2748,"minecraft:cyan_dye":6,"minecraft:iron_trapdoor":8,"minecraft:iron_sword":60,"minecraft:bowl":100,"minecraft:light_blue_wool":4,"minecraft:nether_bricks":32,"minecraft:golden_shovel":4756,"minecraft:bucket":14605,"minecraft:stone_axe":2,"minecraft:glowstone":44,"minecraft:orange_dye":10,"minecraft:acacia_boat":4,"minecraft:bread":81,"minecraft:jungle_planks":264,"minecraft:blue_dye":20,"minecraft:oak_fence_gate":1,"minecraft:oak_boat":15111,"minecraft:white_wool":164,"minecraft:gold_nugget":486,"minecraft:white_dye":30,"minecraft:wooden_axe":461,"minecraft:oak_stairs":8,"minecraft:blue_wool":4,"minecraft:iron_shovel":7308,"minecraft:crimson_door":6,"minecraft:green_wool":3,"minecraft:white_bed":36,"minecraft:lime_wool":4,"minecraft:acacia_planks":356,"minecraft:golden_hoe":179}},"DataVersion":2567}