{
  "minecraft:recipes/tools/fishing_rod": {
    "criteria": {
      "has_string": "2022-06-19 08:32:54 +0800"
    },
    "done": true
  },
  "minecraft:recipes/building_blocks/polished_andesite_slab": {
    "criteria": {
      "has_polished_andesite": "2023-12-23 19:04:34 +0800"
    },
    "done": true
  },
  "minecraft:recipes/building_blocks/black_stained_glass": {
    "criteria": {
      "has_glass": "2024-01-13 13:52:23 +0800"
    },
    "done": true
  },
  "minecraft:recipes/redstone/lever": {
    "criteria": {
      "has_cobblestone": "2022-06-18 08:04:36 +0800"
    },
    "done": true
  },
  "minecraft:recipes/redstone/acacia_button": {
    "criteria": {
      "has_planks": "2022-06-18 08:45:16 +0800"
    },
    "done": true
  },
  "minecraft:nether/obtain_crying_obsidian": {
    "criteria": {
      "crying_obsidian": "2022-06-19 08:32:54 +0800"
    },
    "done": true
  },
  "minecraft:recipes/combat/iron_sword": {
    "criteria": {
      "has_iron_ingot": "2022-06-18 08:43:57 +0800"
    },
    "done": true
  },
  "minecraft:recipes/building_blocks/stone_bricks": {
    "criteria": {
      "has_stone": "2022-10-20 15:12:24 +0800"
    },
    "done": true
  },
  "minecraft:recipes/redstone/observer": {
    "criteria": {
      "has_quartz": "2023-10-26 10:24:52 +0800"
    },
    "done": true
  },
  "minecraft:recipes/redstone/spruce_door": {
    "criteria": {
      "has_planks": "2022-06-22 21:09:37 +0800"
    },
    "done": true
  },
  "minecraft:recipes/building_blocks/lime_concrete_powder": {
    "criteria": {
      "has_sand": "2022-06-17 18:24:04 +0800"
    },
    "done": true
  },
  "minecraft:recipes/building_blocks/cracked_polished_blackstone_bricks": {
    "criteria": {
      "has_blackstone_bricks": "2022-07-15 14:46:20 +0800"
    },
    "done": true
  },
  "minecraft:recipes/decorations/yellow_stained_glass_pane_from_glass_pane": {
    "criteria": {
      "has_glass_pane": "2023-12-23 15:21:51 +0800"
    },
    "done": true
  },
  "minecraft:recipes/building_blocks/nether_brick_slab": {
    "criteria": {
      "has_nether_brick": "2022-06-19 08:32:54 +0800"
    },
    "done": true
  },
  "minecraft:recipes/tools/iron_pickaxe": {
    "criteria": {
      "has_iron_ingot": "2022-06-18 08:43:57 +0800"
    },
    "done": true
  },
  "minecraft:recipes/building_blocks/gray_stained_glass": {
    "criteria": {
      "has_glass": "2024-01-13 13:52:23 +0800"
    },
    "done": true
  },
  "minecraft:recipes/building_blocks/crimson_hyphae": {
    "criteria": {
      "has_log": "2022-06-19 11:15:35 +0800"
    },
    "done": true
  },
  "minecraft:recipes/building_blocks/yellow_concrete_powder": {
    "criteria": {
      "has_sand": "2022-06-17 18:24:04 +0800"
    },
    "done": true
  },
  "minecraft:recipes/redstone/spruce_fence_gate": {
    "criteria": {
      "has_planks": "2022-06-22 21:09:37 +0800"
    },
    "done": true
  },
  "minecraft:recipes/combat/leather_helmet": {
    "criteria": {
      "has_leather": "2022-07-19 11:26:21 +0800"
    },
    "done": true
  },
  "minecraft:recipes/misc/pumpkin_seeds": {
    "criteria": {
      "has_pumpkin": "2024-01-13 13:51:40 +0800"
    },
    "done": true
  },
  "minecraft:recipes/building_blocks/polished_blackstone_brick_slab": {
    "criteria": {
      "has_polished_blackstone_bricks": "2022-07-15 14:46:20 +0800"
    },
    "done": true
  },
  "minecraft:recipes/decorations/crafting_table": {
    "criteria": {
      "has_planks": "2022-06-17 18:19:09 +0800"
    },
    "done": true
  },
  "minecraft:recipes/building_blocks/magenta_wool": {
    "criteria": {
      "has_white_wool": "2022-07-01 13:40:28 +0800"
    },
    "done": true
  },
  "minecraft:recipes/building_blocks/purple_stained_glass": {
    "criteria": {
      "has_glass": "2024-01-13 13:52:23 +0800"
    },
    "done": true
  },
  "minecraft:recipes/decorations/ladder": {
    "criteria": {
      "has_stick": "2022-06-17 18:26:09 +0800"
    },
    "done": true
  },
  "minecraft:recipes/building_blocks/dark_oak_slab": {
    "criteria": {
      "has_planks": "2022-06-19 10:34:29 +0800"
    },
    "done": true
  },
  "minecraft:recipes/decorations/chest": {
    "criteria": {
      "has_lots_of_items": "2022-06-19 08:32:54 +0800"
    },
    "done": true
  },
  "minecraft:recipes/combat/golden_sword": {
    "criteria": {
      "has_gold_ingot": "2022-06-19 11:24:01 +0800"
    },
    "done": true
  },
  "minecraft:story/shiny_gear": {
    "criteria": {
      "diamond_boots": "2023-08-08 15:06:50 +0800"
    },
    "done": true
  },
  "minecraft:recipes/building_blocks/chiseled_stone_bricks_stone_from_stonecutting": {
    "criteria": {
      "has_stone": "2022-10-20 15:12:24 +0800"
    },
    "done": true
  },
  "minecraft:recipes/redstone/spruce_button": {
    "criteria": {
      "has_planks": "2022-06-22 21:09:37 +0800"
    },
    "done": true
  },
  "minecraft:recipes/building_blocks/red_sandstone": {
    "criteria": {
      "has_sand": "2022-06-23 20:13:27 +0800"
    },
    "done": true
  },
  "minecraft:recipes/tools/wooden_shovel": {
    "criteria": {
      "has_stick": "2022-06-17 18:26:09 +0800"
    },
    "done": true
  },
  "minecraft:recipes/misc/gold_ingot_from_blasting": {
    "criteria": {
      "has_gold_ore": "2022-10-20 15:09:14 +0800"
    },
    "done": true
  },
  "minecraft:recipes/redstone/dark_oak_button": {
    "criteria": {
      "has_planks": "2022-06-19 10:34:29 +0800"
    },
    "done": true
  },
  "minecraft:recipes/tools/shears": {
    "criteria": {
      "has_iron_ingot": "2022-06-18 08:43:57 +0800"
    },
    "done": true
  },
  "minecraft:recipes/misc/stick": {
    "criteria": {
      "has_planks": "2022-06-17 18:19:09 +0800"
    },
    "done": true
  },
  "minecraft:recipes/redstone/crimson_pressure_plate": {
    "criteria": {
      "has_planks": "2022-06-19 11:15:39 +0800"
    },
    "done": true
  },
  "minecraft:recipes/redstone/redstone_lamp": {
    "criteria": {
      "has_glowstone": "2023-10-09 10:14:03 +0800"
    },
    "done": true
  },
  "minecraft:recipes/building_blocks/mossy_cobblestone_slab_from_mossy_cobblestone_stonecutting": {
    "criteria": {
      "has_mossy_cobblestone": "2022-07-29 09:36:57 +0800"
    },
    "done": true
  },
  "minecraft:recipes/building_blocks/stone_brick_slab_from_stone_stonecutting": {
    "criteria": {
      "has_stone": "2022-10-20 15:12:24 +0800"
    },
    "done": true
  },
  "minecraft:recipes/building_blocks/polished_blackstone_brick_slab_from_polished_blackstone_bricks_stonecutting": {
    "criteria": {
      "has_polished_blackstone_bricks": "2022-07-15 14:46:20 +0800"
    },
    "done": true
  },
  "minecraft:recipes/misc/flower_banner_pattern": {
    "criteria": {
      "has_oxeye_daisy": "2024-02-25 20:03:57 +0800"
    },
    "done": true
  },
  "minecraft:recipes/decorations/crimson_fence": {
    "criteria": {
      "has_planks": "2022-06-19 11:15:39 +0800"
    },
    "done": true
  },
  "minecraft:recipes/building_blocks/lime_terracotta": {
    "criteria": {
      "has_terracotta": "2023-03-18 11:24:37 +0800"
    },
    "done": true
  },
  "minecraft:recipes/building_blocks/emerald_block": {
    "criteria": {
      "has_emerald": "2022-06-19 11:26:25 +0800"
    },
    "done": true
  },
  "minecraft:recipes/building_blocks/dark_oak_planks": {
    "criteria": {
      "has_log": "2022-06-19 10:34:26 +0800"
    },
    "done": true
  },
  "minecraft:recipes/food/cooked_rabbit_from_smoking": {
    "criteria": {
      "has_rabbit": "2023-08-13 10:31:09 +0800"
    },
    "done": true
  },
  "minecraft:recipes/transportation/detector_rail": {
    "criteria": {
      "has_rail": "2024-01-14 17:18:24 +0800"
    },
    "done": true
  },
  "minecraft:recipes/combat/iron_leggings": {
    "criteria": {
      "has_iron_ingot": "2022-06-18 08:43:57 +0800"
    },
    "done": true
  },
  "minecraft:recipes/redstone/dark_oak_door": {
    "criteria": {
      "has_planks": "2022-06-19 10:34:29 +0800"
    },
    "done": true
  },
  "minecraft:recipes/building_blocks/sandstone_stairs": {
    "criteria": {
      "has_sandstone": "2022-06-22 16:46:17 +0800"
    },
    "done": true
  },
  "minecraft:recipes/building_blocks/prismarine_stairs": {
    "criteria": {
      "has_prismarine": "2023-02-25 12:46:26 +0800"
    },
    "done": true
  },
  "minecraft:recipes/building_blocks/light_gray_terracotta": {
    "criteria": {
      "has_terracotta": "2023-03-18 11:24:37 +0800"
    },
    "done": true
  },
  "minecraft:recipes/brewing/golden_carrot": {
    "criteria": {
      "has_gold_nugget": "2022-06-19 11:22:05 +0800"
    },
    "done": true
  },
  "minecraft:recipes/combat/shield": {
    "criteria": {
      "has_iron_ingot": "2022-06-18 08:43:57 +0800"
    },
    "done": true
  },
  "minecraft:recipes/decorations/brown_banner": {
    "criteria": {
      "has_brown_wool": "2024-02-25 20:03:57 +0800"
    },
    "done": true
  },
  "minecraft:recipes/building_blocks/cobblestone_slab": {
    "criteria": {
      "has_cobblestone": "2022-06-18 08:04:36 +0800"
    },
    "done": true
  },
  "minecraft:recipes/redstone/hopper": {
    "criteria": {
      "has_iron_ingot": "2022-06-18 08:43:57 +0800"
    },
    "done": true
  },
  "minecraft:recipes/building_blocks/pink_terracotta": {
    "criteria": {
      "has_terracotta": "2023-03-18 11:24:37 +0800"
    },
    "done": true
  },
  "minecraft:recipes/building_blocks/coarse_dirt": {
    "criteria": {
      "has_gravel": "2022-06-19 08:32:54 +0800"
    },
    "done": true
  },
  "minecraft:recipes/building_blocks/mossy_cobblestone_stairs_from_mossy_cobblestone_stonecutting": {
    "criteria": {
      "has_mossy_cobblestone": "2022-07-29 09:36:57 +0800"
    },
    "done": true
  },
  "minecraft:recipes/building_blocks/light_gray_concrete_powder": {
    "criteria": {
      "has_sand": "2022-06-17 18:24:04 +0800"
    },
    "done": true
  },
  "minecraft:recipes/building_blocks/magenta_terracotta": {
    "criteria": {
      "has_terracotta": "2023-03-18 11:24:37 +0800"
    },
    "done": true
  },
  "minecraft:recipes/misc/lime_dye": {
    "criteria": {
      "has_green_dye": "2024-02-25 20:03:57 +0800"
    },
    "done": true
  },
  "minecraft:recipes/combat/leather_leggings": {
    "criteria": {
      "has_leather": "2022-07-19 11:26:21 +0800"
    },
    "done": true
  },
  "minecraft:recipes/building_blocks/pink_concrete_powder": {
    "criteria": {
      "has_sand": "2022-06-17 18:24:04 +0800"
    },
    "done": true
  },
  "minecraft:recipes/building_blocks/sandstone_slab": {
    "criteria": {
      "has_sandstone": "2022-06-22 16:46:17 +0800"
    },
    "done": true
  },
  "minecraft:recipes/misc/emerald": {
    "criteria": {
      "has_emerald_block": "2022-09-01 16:39:00 +0800"
    },
    "done": true
  },
  "minecraft:recipes/decorations/prismarine_wall": {
    "criteria": {
      "has_prismarine": "2023-02-25 12:46:26 +0800"
    },
    "done": true
  },
  "minecraft:recipes/building_blocks/yellow_stained_glass": {
    "criteria": {
      "has_glass": "2024-01-13 13:52:23 +0800"
    },
    "done": true
  },
  "minecraft:recipes/decorations/acacia_fence": {
    "criteria": {
      "has_planks": "2022-06-18 08:45:16 +0800"
    },
    "done": true
  },
  "minecraft:recipes/building_blocks/stone_stairs_from_stone_stonecutting": {
    "criteria": {
      "has_stone": "2022-10-20 15:12:24 +0800"
    },
    "done": true
  },
  "minecraft:recipes/decorations/magenta_bed_from_white_bed": {
    "criteria": {
      "has_bed": "2022-06-19 10:36:34 +0800"
    },
    "done": true
  },
  "minecraft:recipes/decorations/iron_bars": {
    "criteria": {
      "has_iron_ingot": "2022-06-18 08:43:57 +0800"
    },
    "done": true
  },
  "minecraft:recipes/building_blocks/andesite_stairs_from_andesite_stonecutting": {
    "criteria": {
      "has_andesite": "2022-06-19 11:27:30 +0800"
    },
    "done": true
  },
  "minecraft:recipes/redstone/crimson_button": {
    "criteria": {
      "has_planks": "2022-06-19 11:15:39 +0800"
    },
    "done": true
  },
  "minecraft:recipes/misc/red_dye_from_rose_bush": {
    "criteria": {
      "has_double_plant": "2023-01-24 17:36:42 +0800"
    },
    "done": true
  },
  "minecraft:recipes/redstone/warped_fence_gate": {
    "criteria": {
      "has_planks": "2024-02-11 10:08:42 +0800"
    },
    "done": true
  },
  "minecraft:recipes/building_blocks/gold_block": {
    "criteria": {
      "has_gold_ingot": "2022-06-19 11:24:01 +0800"
    },
    "done": true
  },
  "minecraft:recipes/building_blocks/blue_wool": {
    "criteria": {
      "has_white_wool": "2022-07-01 13:40:28 +0800"
    },
    "done": true
  },
  "minecraft:story/obtain_armor": {
    "criteria": {
      "iron_boots": "2022-06-19 08:32:54 +0800"
    },
    "done": true
  },
  "minecraft:recipes/redstone/comparator": {
    "criteria": {
      "has_quartz": "2023-10-26 10:24:52 +0800"
    },
    "done": true
  },
  "minecraft:recipes/brewing/cauldron": {
    "criteria": {
      "has_water_bucket": "2022-06-19 10:35:05 +0800"
    },
    "done": true
  },
  "minecraft:recipes/transportation/chest_minecart": {
    "criteria": {
      "has_minecart": "2022-06-18 08:44:13 +0800"
    },
    "done": true
  },
  "minecraft:recipes/combat/diamond_leggings": {
    "criteria": {
      "has_diamond": "2022-06-19 11:29:19 +0800"
    },
    "done": true
  },
  "minecraft:recipes/building_blocks/sandstone": {
    "criteria": {
      "has_sand": "2022-06-17 18:24:04 +0800"
    },
    "done": true
  },
  "minecraft:recipes/building_blocks/red_stained_glass": {
    "criteria": {
      "has_glass": "2024-01-13 13:52:23 +0800"
    },
    "done": true
  },
  "minecraft:recipes/decorations/lime_stained_glass_pane_from_glass_pane": {
    "criteria": {
      "has_glass_pane": "2023-12-23 15:21:51 +0800"
    },
    "done": true
  },
  "minecraft:story/lava_bucket": {
    "criteria": {
      "lava_bucket": "2022-06-19 08:32:54 +0800"
    },
    "done": true
  },
  "minecraft:recipes/food/cooked_rabbit_from_campfire_cooking": {
    "criteria": {
      "has_rabbit": "2023-08-13 10:31:09 +0800"
    },
    "done": true
  },
  "minecraft:recipes/building_blocks/cobblestone_slab_from_cobblestone_stonecutting": {
    "criteria": {
      "has_cobblestone": "2022-06-18 08:04:36 +0800"
    },
    "done": true
  },
  "minecraft:recipes/building_blocks/oak_stairs": {
    "criteria": {
      "has_planks": "2022-06-17 18:19:09 +0800"
    },
    "done": true
  },
  "minecraft:recipes/building_blocks/polished_diorite_slab": {
    "criteria": {
      "has_polished_diorite": "2024-02-12 13:24:40 +0800"
    },
    "done": true
  },
  "minecraft:recipes/building_blocks/polished_andesite_slab_from_andesite_stonecutting": {
    "criteria": {
      "has_andesite": "2022-06-19 11:27:30 +0800"
    },
    "done": true
  },
  "minecraft:recipes/transportation/acacia_boat": {
    "criteria": {
      "in_water": "2022-06-17 18:21:41 +0800"
    },
    "done": true
  },
  "minecraft:recipes/redstone/iron_trapdoor": {
    "criteria": {
      "has_iron_ingot": "2022-06-18 08:43:57 +0800"
    },
    "done": true
  },
  "minecraft:recipes/building_blocks/prismarine_slab_from_prismarine_stonecutting": {
    "criteria": {
      "has_prismarine": "2023-02-25 12:46:26 +0800"
    },
    "done": true
  },
  "minecraft:recipes/decorations/birch_sign": {
    "criteria": {
      "has_birch_planks": "2022-06-19 10:37:50 +0800"
    },
    "done": true
  },
  "minecraft:adventure/root": {
    "criteria": {
      "killed_something": "2022-06-19 10:30:29 +0800"
    },
    "done": true
  },
  "minecraft:recipes/building_blocks/polished_basalt_from_basalt_stonecutting": {
    "criteria": {
      "has_basalt": "2022-07-15 14:49:04 +0800"
    },
    "done": true
  },
  "minecraft:recipes/decorations/black_bed": {
    "criteria": {
      "has_black_wool": "2024-03-04 15:48:32 +0800"
    },
    "done": true
  },
  "minecraft:recipes/decorations/gray_bed_from_white_bed": {
    "criteria": {
      "has_bed": "2022-06-19 10:36:34 +0800"
    },
    "done": true
  },
  "minecraft:recipes/building_blocks/white_concrete_powder": {
    "criteria": {
      "has_sand": "2022-06-17 18:24:04 +0800"
    },
    "done": true
  },
  "minecraft:recipes/decorations/jungle_fence": {
    "criteria": {
      "has_planks": "2022-07-01 19:09:53 +0800"
    },
    "done": true
  },
  "minecraft:recipes/building_blocks/stone_brick_stairs_from_stone_stonecutting": {
    "criteria": {
      "has_stone": "2022-10-20 15:12:24 +0800"
    },
    "done": true
  },
  "minecraft:recipes/building_blocks/white_wool_from_string": {
    "criteria": {
      "has_string": "2022-06-19 08:32:54 +0800"
    },
    "done": true
  },
  "minecraft:recipes/building_blocks/polished_blackstone_brick_stairs": {
    "criteria": {
      "has_polished_blackstone_bricks": "2022-07-15 14:46:20 +0800"
    },
    "done": true
  },
  "minecraft:recipes/tools/diamond_pickaxe": {
    "criteria": {
      "has_diamond": "2022-06-19 11:29:19 +0800"
    },
    "done": true
  },
  "minecraft:adventure/kill_all_mobs": {
    "criteria": {
      "minecraft:blaze": "2022-07-20 13:25:14 +0800",
      "minecraft:skeleton": "2022-10-20 15:05:57 +0800",
      "minecraft:spider": "2023-09-02 14:12:38 +0800",
      "minecraft:creeper": "2022-06-23 19:57:13 +0800",
      "minecraft:zombified_piglin": "2023-10-26 10:26:46 +0800",
      "minecraft:witch": "2023-10-23 14:53:54 +0800",
      "minecraft:endermite": "2022-06-19 10:30:29 +0800",
      "minecraft:zombie": "2022-07-29 09:35:15 +0800"
    },
    "done": false
  },
  "minecraft:recipes/decorations/brown_glazed_terracotta": {
    "criteria": {
      "has_brown_terracotta": "2023-08-15 09:00:17 +0800"
    },
    "done": true
  },
  "minecraft:recipes/misc/ender_eye": {
    "criteria": {
      "has_blaze_powder": "2023-10-17 21:31:02 +0800"
    },
    "done": true
  },
  "minecraft:recipes/building_blocks/birch_wood": {
    "criteria": {
      "has_log": "2022-07-21 19:12:47 +0800"
    },
    "done": true
  },
  "minecraft:recipes/redstone/redstone_block": {
    "criteria": {
      "has_redstone": "2022-07-29 09:35:28 +0800"
    },
    "done": true
  },
  "minecraft:recipes/decorations/fletching_table": {
    "criteria": {
      "has_flint": "2022-06-19 11:22:01 +0800"
    },
    "done": true
  },
  "minecraft:recipes/decorations/brown_stained_glass_pane_from_glass_pane": {
    "criteria": {
      "has_glass_pane": "2023-12-23 15:21:51 +0800"
    },
    "done": true
  },
  "minecraft:recipes/decorations/pink_bed_from_white_bed": {
    "criteria": {
      "has_bed": "2022-06-19 10:36:34 +0800"
    },
    "done": true
  },
  "minecraft:recipes/building_blocks/lime_stained_glass": {
    "criteria": {
      "has_glass": "2024-01-13 13:52:23 +0800"
    },
    "done": true
  },
  "minecraft:recipes/decorations/crimson_sign": {
    "criteria": {
      "has_crimson_planks": "2022-06-19 11:15:39 +0800"
    },
    "done": true
  },
  "minecraft:recipes/food/cooked_chicken_from_campfire_cooking": {
    "criteria": {
      "has_chicken": "2022-10-17 09:40:49 +0800"
    },
    "done": true
  },
  "minecraft:recipes/redstone/dark_oak_fence_gate": {
    "criteria": {
      "has_planks": "2022-06-19 10:34:29 +0800"
    },
    "done": true
  },
  "minecraft:recipes/decorations/brown_bed": {
    "criteria": {
      "has_brown_wool": "2024-02-25 20:03:57 +0800"
    },
    "done": true
  },
  "minecraft:recipes/misc/iron_nugget_from_smelting": {
    "criteria": {
      "has_iron_pickaxe": "2022-06-18 08:44:03 +0800"
    },
    "done": true
  },
  "minecraft:recipes/building_blocks/cracked_nether_bricks": {
    "criteria": {
      "has_nether_bricks": "2022-06-19 08:32:54 +0800"
    },
    "done": true
  },
  "minecraft:recipes/decorations/prismarine_wall_from_prismarine_stonecutting": {
    "criteria": {
      "has_prismarine": "2023-02-25 12:46:26 +0800"
    },
    "done": true
  },
  "minecraft:recipes/building_blocks/polished_diorite_stairs_from_polished_diorite_stonecutting": {
    "criteria": {
      "has_polished_diorite": "2024-02-12 13:24:40 +0800"
    },
    "done": true
  },
  "minecraft:recipes/decorations/granite_wall_from_granite_stonecutting": {
    "criteria": {
      "has_granite": "2022-08-14 10:40:32 +0800"
    },
    "done": true
  },
  "minecraft:recipes/decorations/chain": {
    "criteria": {
      "has_iron_ingot": "2022-06-18 08:43:57 +0800"
    },
    "done": true
  },
  "minecraft:recipes/building_blocks/polished_diorite_stairs": {
    "criteria": {
      "has_polished_diorite": "2024-02-12 13:24:40 +0800"
    },
    "done": true
  },
  "minecraft:recipes/building_blocks/cyan_terracotta": {
    "criteria": {
      "has_terracotta": "2023-03-18 11:24:37 +0800"
    },
    "done": true
  },
  "minecraft:recipes/decorations/nether_brick_wall_from_nether_bricks_stonecutting": {
    "criteria": {
      "has_nether_bricks": "2022-06-19 08:32:54 +0800"
    },
    "done": true
  },
  "minecraft:recipes/misc/blue_dye": {
    "criteria": {
      "has_lapis_lazuli": "2022-12-21 19:20:12 +0800"
    },
    "done": true
  },
  "minecraft:recipes/decorations/oak_fence": {
    "criteria": {
      "has_planks": "2022-06-17 18:19:09 +0800"
    },
    "done": true
  },
  "minecraft:recipes/decorations/red_stained_glass_pane_from_glass_pane": {
    "criteria": {
      "has_glass_pane": "2023-12-23 15:21:51 +0800"
    },
    "done": true
  },
  "minecraft:recipes/misc/coal_from_blasting": {
    "criteria": {
      "has_coal_ore": "2024-03-01 13:40:42 +0800"
    },
    "done": true
  },
  "minecraft:recipes/misc/gold_ingot_from_gold_block": {
    "criteria": {
      "has_gold_block": "2022-06-23 20:07:45 +0800"
    },
    "done": true
  },
  "minecraft:story/follow_ender_eye": {
    "criteria": {
      "in_stronghold": "2024-02-25 20:06:12 +0800"
    },
    "done": true
  },
  "minecraft:recipes/building_blocks/light_blue_stained_glass": {
    "criteria": {
      "has_glass": "2024-01-13 13:52:23 +0800"
    },
    "done": true
  },
  "minecraft:recipes/building_blocks/orange_concrete_powder": {
    "criteria": {
      "has_sand": "2022-06-17 18:24:04 +0800"
    },
    "done": true
  },
  "minecraft:recipes/building_blocks/oak_slab": {
    "criteria": {
      "has_planks": "2022-06-17 18:19:09 +0800"
    },
    "done": true
  },
  "minecraft:recipes/decorations/magenta_stained_glass_pane_from_glass_pane": {
    "criteria": {
      "has_glass_pane": "2023-12-23 15:21:51 +0800"
    },
    "done": true
  },
  "minecraft:recipes/building_blocks/granite_stairs": {
    "criteria": {
      "has_granite": "2022-08-14 10:40:32 +0800"
    },
    "done": true
  },
  "minecraft:recipes/misc/cyan_dye": {
    "criteria": {
      "has_green_dye": "2024-02-25 20:03:57 +0800"
    },
    "done": true
  },
  "minecraft:recipes/brewing/blaze_powder": {
    "criteria": {
      "has_blaze_rod": "2022-06-19 08:32:54 +0800"
    },
    "done": true
  },
  "minecraft:recipes/redstone/jungle_pressure_plate": {
    "criteria": {
      "has_planks": "2022-07-01 19:09:53 +0800"
    },
    "done": true
  },
  "minecraft:end/root": {
    "criteria": {
      "entered_end": "2024-02-25 20:06:15 +0800"
    },
    "done": true
  },
  "minecraft:recipes/building_blocks/black_wool": {
    "criteria": {
      "has_white_wool": "2022-07-01 13:40:28 +0800"
    },
    "done": true
  },
  "minecraft:recipes/combat/golden_chestplate": {
    "criteria": {
      "has_gold_ingot": "2022-06-19 11:24:01 +0800"
    },
    "done": true
  },
  "minecraft:recipes/food/cooked_salmon_from_smoking": {
    "criteria": {
      "has_salmon": "2022-06-18 08:11:44 +0800"
    },
    "done": true
  },
  "minecraft:recipes/building_blocks/stripped_dark_oak_wood": {
    "criteria": {
      "has_log": "2022-06-19 10:34:26 +0800"
    },
    "done": true
  },
  "minecraft:recipes/redstone/acacia_pressure_plate": {
    "criteria": {
      "has_planks": "2022-06-18 08:45:16 +0800"
    },
    "done": true
  },
  "minecraft:recipes/brewing/glass_bottle": {
    "criteria": {
      "has_glass": "2024-01-13 13:52:23 +0800"
    },
    "done": true
  },
  "minecraft:recipes/misc/blue_dye_from_cornflower": {
    "criteria": {
      "has_blue_flower": "2024-02-25 20:03:57 +0800"
    },
    "done": true
  },
  "minecraft:recipes/building_blocks/stripped_acacia_wood": {
    "criteria": {
      "has_log": "2022-12-13 18:52:18 +0800"
    },
    "done": true
  },
  "minecraft:recipes/building_blocks/crimson_slab": {
    "criteria": {
      "has_planks": "2022-06-19 11:15:39 +0800"
    },
    "done": true
  },
  "minecraft:recipes/building_blocks/polished_diorite_slab_from_polished_diorite_stonecutting": {
    "criteria": {
      "has_polished_diorite": "2024-02-12 13:24:40 +0800"
    },
    "done": true
  },
  "minecraft:recipes/decorations/cyan_stained_glass_pane_from_glass_pane": {
    "criteria": {
      "has_glass_pane": "2023-12-23 15:21:51 +0800"
    },
    "done": true
  },
  "minecraft:recipes/building_blocks/nether_brick_stairs_from_nether_bricks_stonecutting": {
    "criteria": {
      "has_nether_bricks": "2022-06-19 08:32:54 +0800"
    },
    "done": true
  },
  "minecraft:recipes/building_blocks/iron_block": {
    "criteria": {
      "has_iron_ingot": "2022-06-18 08:43:57 +0800"
    },
    "done": true
  },
  "minecraft:recipes/redstone/birch_button": {
    "criteria": {
      "has_planks": "2022-06-19 10:37:50 +0800"
    },
    "done": true
  },
  "minecraft:recipes/building_blocks/crimson_stairs": {
    "criteria": {
      "has_planks": "2022-06-19 11:15:39 +0800"
    },
    "done": true
  },
  "minecraft:recipes/redstone/crimson_fence_gate": {
    "criteria": {
      "has_planks": "2022-06-19 11:15:39 +0800"
    },
    "done": true
  },
  "minecraft:recipes/misc/red_dye_from_poppy": {
    "criteria": {
      "has_red_flower": "2024-02-25 20:03:57 +0800"
    },
    "done": true
  },
  "minecraft:recipes/building_blocks/jungle_wood": {
    "criteria": {
      "has_log": "2022-09-01 16:34:46 +0800"
    },
    "done": true
  },
  "minecraft:recipes/building_blocks/acacia_wood": {
    "criteria": {
      "has_log": "2022-06-18 08:45:14 +0800"
    },
    "done": true
  },
  "minecraft:recipes/decorations/polished_blackstone_brick_wall": {
    "criteria": {
      "has_polished_blackstone_bricks": "2022-07-15 14:46:20 +0800"
    },
    "done": true
  },
  "minecraft:recipes/misc/yellow_dye_from_dandelion": {
    "criteria": {
      "has_yellow_flower": "2024-02-25 20:03:57 +0800"
    },
    "done": true
  },
  "minecraft:recipes/building_blocks/green_stained_glass": {
    "criteria": {
      "has_glass": "2024-01-13 13:52:23 +0800"
    },
    "done": true
  },
  "minecraft:recipes/building_blocks/light_blue_wool": {
    "criteria": {
      "has_white_wool": "2022-07-01 13:40:28 +0800"
    },
    "done": true
  },
  "minecraft:recipes/combat/wooden_sword": {
    "criteria": {
      "has_stick": "2022-06-17 18:26:09 +0800"
    },
    "done": true
  },
  "minecraft:recipes/building_blocks/oak_planks": {
    "criteria": {
      "has_logs": "2022-06-19 11:26:30 +0800"
    },
    "done": true
  },
  "minecraft:recipes/building_blocks/gray_concrete_powder": {
    "criteria": {
      "has_sand": "2022-06-17 18:24:04 +0800"
    },
    "done": true
  },
  "minecraft:recipes/tools/golden_axe": {
    "criteria": {
      "has_gold_ingot": "2022-06-19 11:24:01 +0800"
    },
    "done": true
  },
  "minecraft:recipes/tools/iron_axe": {
    "criteria": {
      "has_iron_ingot": "2022-06-18 08:43:57 +0800"
    },
    "done": true
  },
  "minecraft:recipes/building_blocks/glowstone": {
    "criteria": {
      "has_glowstone_dust": "2022-06-19 08:32:54 +0800"
    },
    "done": true
  },
  "minecraft:recipes/building_blocks/sea_lantern": {
    "criteria": {
      "has_prismarine_crystals": "2022-06-19 11:35:52 +0800"
    },
    "done": true
  },
  "minecraft:recipes/building_blocks/jungle_planks": {
    "criteria": {
      "has_logs": "2022-06-23 20:05:36 +0800"
    },
    "done": true
  },
  "minecraft:recipes/decorations/black_banner": {
    "criteria": {
      "has_black_wool": "2024-03-04 15:48:32 +0800"
    },
    "done": true
  },
  "minecraft:recipes/redstone/tripwire_hook": {
    "criteria": {
      "has_string": "2022-06-19 08:32:54 +0800"
    },
    "done": true
  },
  "minecraft:recipes/combat/iron_boots": {
    "criteria": {
      "has_iron_ingot": "2022-06-18 08:43:57 +0800"
    },
    "done": true
  },
  "minecraft:recipes/misc/bone_meal": {
    "criteria": {
      "has_bone": "2022-10-20 15:06:04 +0800"
    },
    "done": true
  },
  "minecraft:recipes/building_blocks/birch_planks": {
    "criteria": {
      "has_logs": "2022-07-21 19:12:47 +0800"
    },
    "done": true
  },
  "minecraft:recipes/building_blocks/black_concrete_powder": {
    "criteria": {
      "has_sand": "2022-06-17 18:24:04 +0800"
    },
    "done": true
  },
  "minecraft:story/iron_tools": {
    "criteria": {
      "iron_pickaxe": "2022-06-18 08:44:03 +0800"
    },
    "done": true
  },
  "minecraft:recipes/building_blocks/sandstone_stairs_from_sandstone_stonecutting": {
    "criteria": {
      "has_sandstone": "2022-06-22 16:46:17 +0800"
    },
    "done": true
  },
  "minecraft:recipes/redstone/birch_fence_gate": {
    "criteria": {
      "has_planks": "2022-06-19 10:37:50 +0800"
    },
    "done": true
  },
  "minecraft:recipes/redstone/stone_button": {
    "criteria": {
      "has_stone": "2022-10-20 15:12:24 +0800"
    },
    "done": true
  },
  "minecraft:recipes/combat/crossbow": {
    "criteria": {
      "has_stick": "2022-06-17 18:26:09 +0800"
    },
    "done": true
  },
  "minecraft:recipes/combat/iron_chestplate": {
    "criteria": {
      "has_iron_ingot": "2022-06-18 08:43:57 +0800"
    },
    "done": true
  },
  "minecraft:recipes/redstone/spruce_pressure_plate": {
    "criteria": {
      "has_planks": "2022-06-22 21:09:37 +0800"
    },
    "done": true
  },
  "minecraft:recipes/building_blocks/yellow_wool": {
    "criteria": {
      "has_white_wool": "2022-07-01 13:40:28 +0800"
    },
    "done": true
  },
  "minecraft:recipes/redstone/dark_oak_trapdoor": {
    "criteria": {
      "has_planks": "2022-06-19 10:34:29 +0800"
    },
    "done": true
  },
  "minecraft:recipes/decorations/oak_sign": {
    "criteria": {
      "has_oak_planks": "2022-06-17 18:19:09 +0800"
    },
    "done": true
  },
  "minecraft:recipes/redstone/oak_trapdoor": {
    "criteria": {
      "has_planks": "2022-06-17 18:19:09 +0800"
    },
    "done": true
  },
  "minecraft:recipes/building_blocks/granite_stairs_from_granite_stonecutting": {
    "criteria": {
      "has_granite": "2022-08-14 10:40:32 +0800"
    },
    "done": true
  },
  "minecraft:recipes/building_blocks/chiseled_nether_bricks": {
    "criteria": {
      "has_nether_bricks": "2022-06-19 08:32:54 +0800"
    },
    "done": true
  },
  "minecraft:recipes/building_blocks/red_concrete_powder": {
    "criteria": {
      "has_sand": "2022-06-17 18:24:04 +0800"
    },
    "done": true
  },
  "minecraft:recipes/building_blocks/nether_brick_slab_from_nether_bricks_stonecutting": {
    "criteria": {
      "has_nether_bricks": "2022-06-19 08:32:54 +0800"
    },
    "done": true
  },
  "minecraft:recipes/decorations/light_blue_bed_from_white_bed": {
    "criteria": {
      "has_bed": "2022-06-19 10:36:34 +0800"
    },
    "done": true
  },
  "minecraft:recipes/misc/iron_nugget_from_blasting": {
    "criteria": {
      "has_iron_pickaxe": "2022-06-18 08:44:03 +0800"
    },
    "done": true
  },
  "minecraft:recipes/decorations/warped_fence": {
    "criteria": {
      "has_planks": "2024-02-11 10:08:42 +0800"
    },
    "done": true
  },
  "minecraft:adventure/kill_a_mob": {
    "criteria": {
      "minecraft:endermite": "2022-06-19 10:30:29 +0800"
    },
    "done": true
  },
  "minecraft:recipes/building_blocks/blue_terracotta": {
    "criteria": {
      "has_terracotta": "2023-03-18 11:24:37 +0800"
    },
    "done": true
  },
  "minecraft:recipes/tools/golden_pickaxe": {
    "criteria": {
      "has_gold_ingot": "2022-06-19 11:24:01 +0800"
    },
    "done": true
  },
  "minecraft:recipes/building_blocks/stone": {
    "criteria": {
      "has_cobblestone": "2022-06-18 08:04:36 +0800"
    },
    "done": true
  },
  "minecraft:recipes/brewing/magma_cream": {
    "criteria": {
      "has_blaze_powder": "2023-10-17 21:31:02 +0800"
    },
    "done": true
  },
  "minecraft:recipes/decorations/stonecutter": {
    "criteria": {
      "has_stone": "2022-10-20 15:12:24 +0800"
    },
    "done": true
  },
  "minecraft:recipes/building_blocks/light_blue_terracotta": {
    "criteria": {
      "has_terracotta": "2023-03-18 11:24:37 +0800"
    },
    "done": true
  },
  "minecraft:adventure/adventuring_time": {
    "criteria": {
      "minecraft:jungle_edge": "2022-07-17 08:10:52 +0800",
      "minecraft:cold_ocean": "2023-08-26 17:49:30 +0800",
      "minecraft:forest": "2022-06-17 18:19:46 +0800",
      "minecraft:badlands_plateau": "2022-06-19 10:29:54 +0800",
      "minecraft:mountains": "2023-04-09 09:51:49 +0800",
      "minecraft:desert_hills": "2023-07-20 08:22:21 +0800",
      "minecraft:giant_tree_taiga": "2023-04-09 09:36:51 +0800",
      "minecraft:desert": "2022-06-17 18:19:45 +0800",
      "minecraft:deep_frozen_ocean": "2023-08-28 19:36:31 +0800",
      "minecraft:jungle": "2022-07-17 08:10:46 +0800",
      "minecraft:jungle_hills": "2022-07-17 08:11:09 +0800",
      "minecraft:deep_lukewarm_ocean": "2022-07-20 12:23:57 +0800",
      "minecraft:badlands": "2022-06-17 16:28:37 +0800",
      "minecraft:dark_forest": "2022-07-26 13:53:16 +0800",
      "minecraft:river": "2022-06-17 18:21:53 +0800",
      "minecraft:lukewarm_ocean": "2022-07-20 12:23:59 +0800",
      "minecraft:birch_forest_hills": "2023-04-26 16:41:05 +0800",
      "minecraft:wooded_hills": "2022-06-17 18:21:45 +0800",
      "minecraft:wooded_badlands_plateau": "2023-12-28 11:30:49 +0800",
      "minecraft:swamp": "2022-06-18 08:01:05 +0800",
      "minecraft:plains": "2022-09-25 08:26:53 +0800"
    },
    "done": false
  },
  "minecraft:recipes/decorations/purple_bed_from_white_bed": {
    "criteria": {
      "has_bed": "2022-06-19 10:36:34 +0800"
    },
    "done": true
  },
  "minecraft:recipes/combat/stone_sword": {
    "criteria": {
      "has_cobblestone": "2022-06-18 08:04:36 +0800"
    },
    "done": true
  },
  "minecraft:recipes/decorations/barrel": {
    "criteria": {
      "has_planks": "2022-06-17 18:19:09 +0800"
    },
    "done": true
  },
  "minecraft:recipes/decorations/cobblestone_wall": {
    "criteria": {
      "has_cobblestone": "2022-06-18 08:04:36 +0800"
    },
    "done": true
  },
  "minecraft:recipes/tools/stone_pickaxe": {
    "criteria": {
      "has_cobblestone": "2022-06-18 08:04:36 +0800"
    },
    "done": true
  },
  "minecraft:recipes/decorations/smithing_table": {
    "criteria": {
      "has_iron_ingot": "2022-06-18 08:43:57 +0800"
    },
    "done": true
  },
  "minecraft:recipes/redstone/stone_pressure_plate": {
    "criteria": {
      "has_stone": "2022-10-20 15:12:24 +0800"
    },
    "done": true
  },
  "minecraft:recipes/building_blocks/brown_stained_glass": {
    "criteria": {
      "has_glass": "2024-01-13 13:52:23 +0800"
    },
    "done": true
  },
  "minecraft:nether/find_bastion": {
    "criteria": {
      "bastion": "2022-07-15 14:45:53 +0800"
    },
    "done": true
  },
  "minecraft:recipes/combat/leather_boots": {
    "criteria": {
      "has_leather": "2022-07-19 11:26:21 +0800"
    },
    "done": true
  },
  "minecraft:recipes/decorations/purple_stained_glass_pane_from_glass_pane": {
    "criteria": {
      "has_glass_pane": "2023-12-23 15:21:51 +0800"
    },
    "done": true
  },
  "minecraft:recipes/decorations/cobblestone_wall_from_cobblestone_stonecutting": {
    "criteria": {
      "has_cobblestone": "2022-06-18 08:04:36 +0800"
    },
    "done": true
  },
  "minecraft:recipes/misc/black_dye": {
    "criteria": {
      "has_ink_sac": "2022-07-01 19:10:23 +0800"
    },
    "done": true
  },
  "minecraft:recipes/building_blocks/polished_andesite_slab_from_polished_andesite_stonecutting": {
    "criteria": {
      "has_polished_andesite": "2023-12-23 19:04:34 +0800"
    },
    "done": true
  },
  "minecraft:recipes/decorations/grindstone": {
    "criteria": {
      "has_stone_slab": "2022-10-20 15:12:27 +0800"
    },
    "done": true
  },
  "minecraft:recipes/building_blocks/light_gray_stained_glass": {
    "criteria": {
      "has_glass": "2024-01-13 13:52:23 +0800"
    },
    "done": true
  },
  "minecraft:recipes/decorations/brown_carpet": {
    "criteria": {
      "has_brown_wool": "2024-02-25 20:03:57 +0800"
    },
    "done": true
  },
  "minecraft:recipes/building_blocks/diamond_block": {
    "criteria": {
      "has_diamond": "2022-06-19 11:29:19 +0800"
    },
    "done": true
  },
  "minecraft:recipes/building_blocks/lapis_block": {
    "criteria": {
      "has_lapis": "2022-12-21 19:20:12 +0800"
    },
    "done": true
  },
  "minecraft:recipes/decorations/acacia_sign": {
    "criteria": {
      "has_acacia_planks": "2022-06-18 08:45:16 +0800"
    },
    "done": true
  },
  "minecraft:recipes/building_blocks/stripped_oak_wood": {
    "criteria": {
      "has_log": "2023-11-15 20:44:44 +0800"
    },
    "done": true
  },
  "minecraft:recipes/decorations/orange_stained_glass_pane_from_glass_pane": {
    "criteria": {
      "has_glass_pane": "2023-12-23 15:21:51 +0800"
    },
    "done": true
  },
  "minecraft:recipes/transportation/tnt_minecart": {
    "criteria": {
      "has_minecart": "2022-06-18 08:44:13 +0800"
    },
    "done": true
  },
  "minecraft:recipes/decorations/lantern": {
    "criteria": {
      "has_iron_ingot": "2022-06-18 08:43:57 +0800"
    },
    "done": true
  },
  "minecraft:recipes/misc/stick_from_bamboo_item": {
    "criteria": {
      "has_bamboo": "2022-07-17 08:11:51 +0800"
    },
    "done": true
  },
  "minecraft:nether/explore_nether": {
    "criteria": {
      "minecraft:crimson_forest": "2022-07-15 14:45:43 +0800",
      "minecraft:nether_wastes": "2022-07-01 13:18:20 +0800",
      "minecraft:soul_sand_valley": "2022-07-15 14:48:21 +0800",
      "minecraft:basalt_deltas": "2022-07-01 13:18:10 +0800",
      "minecraft:warped_forest": "2022-07-01 13:18:21 +0800"
    },
    "done": true
  },
  "minecraft:recipes/decorations/sandstone_wall": {
    "criteria": {
      "has_sandstone": "2022-06-22 16:46:17 +0800"
    },
    "done": true
  },
  "minecraft:recipes/misc/gold_nugget_from_smelting": {
    "criteria": {
      "has_golden_helmet": "2022-06-19 11:22:01 +0800"
    },
    "done": true
  },
  "minecraft:recipes/decorations/andesite_wall": {
    "criteria": {
      "has_andesite": "2022-06-19 11:27:30 +0800"
    },
    "done": true
  },
  "minecraft:recipes/building_blocks/light_gray_wool": {
    "criteria": {
      "has_white_wool": "2022-07-01 13:40:28 +0800"
    },
    "done": true
  },
  "minecraft:recipes/decorations/light_blue_stained_glass_pane_from_glass_pane": {
    "criteria": {
      "has_glass_pane": "2023-12-23 15:21:51 +0800"
    },
    "done": true
  },
  "minecraft:recipes/decorations/red_bed_from_white_bed": {
    "criteria": {
      "has_bed": "2022-06-19 10:36:34 +0800"
    },
    "done": true
  },
  "minecraft:recipes/building_blocks/andesite_slab": {
    "criteria": {
      "has_andesite": "2022-06-19 11:27:30 +0800"
    },
    "done": true
  },
  "minecraft:recipes/food/cooked_chicken": {
    "criteria": {
      "has_chicken": "2022-10-17 09:40:49 +0800"
    },
    "done": true
  },
  "minecraft:recipes/building_blocks/acacia_stairs": {
    "criteria": {
      "has_planks": "2022-06-18 08:45:16 +0800"
    },
    "done": true
  },
  "minecraft:recipes/building_blocks/red_wool": {
    "criteria": {
      "has_white_wool": "2022-07-01 13:40:28 +0800"
    },
    "done": true
  },
  "minecraft:recipes/misc/light_gray_dye_from_oxeye_daisy": {
    "criteria": {
      "has_red_flower": "2024-02-25 20:03:57 +0800"
    },
    "done": true
  },
  "minecraft:recipes/building_blocks/white_terracotta": {
    "criteria": {
      "has_terracotta": "2023-03-18 11:24:37 +0800"
    },
    "done": true
  },
  "minecraft:recipes/tools/stone_axe": {
    "criteria": {
      "has_cobblestone": "2022-06-18 08:04:36 +0800"
    },
    "done": true
  },
  "minecraft:recipes/misc/fire_charge": {
    "criteria": {
      "has_blaze_powder": "2023-10-17 21:31:02 +0800"
    },
    "done": true
  },
  "minecraft:recipes/decorations/soul_torch": {
    "criteria": {
      "has_soul_sand": "2022-06-19 08:32:54 +0800"
    },
    "done": true
  },
  "minecraft:recipes/building_blocks/yellow_terracotta": {
    "criteria": {
      "has_terracotta": "2023-03-18 11:24:37 +0800"
    },
    "done": true
  },
  "minecraft:recipes/building_blocks/purple_wool": {
    "criteria": {
      "has_white_wool": "2022-07-01 13:40:28 +0800"
    },
    "done": true
  },
  "minecraft:recipes/building_blocks/purple_terracotta": {
    "criteria": {
      "has_terracotta": "2023-03-18 11:24:37 +0800"
    },
    "done": true
  },
  "minecraft:recipes/building_blocks/cobblestone_stairs_from_cobblestone_stonecutting": {
    "criteria": {
      "has_cobblestone": "2022-06-18 08:04:36 +0800"
    },
    "done": true
  },
  "minecraft:recipes/building_blocks/magenta_concrete_powder": {
    "criteria": {
      "has_sand": "2022-06-17 18:24:04 +0800"
    },
    "done": true
  },
  "minecraft:recipes/building_blocks/polished_andesite_stairs_from_andesite_stonecutting": {
    "criteria": {
      "has_andesite": "2022-06-19 11:27:30 +0800"
    },
    "done": true
  },
  "minecraft:recipes/decorations/white_bed": {
    "criteria": {
      "has_white_wool": "2022-07-01 13:40:28 +0800"
    },
    "done": true
  },
  "minecraft:recipes/building_blocks/polished_andesite_stairs": {
    "criteria": {
      "has_polished_andesite": "2023-12-23 19:04:34 +0800"
    },
    "done": true
  },
  "minecraft:recipes/transportation/furnace_minecart": {
    "criteria": {
      "has_minecart": "2022-06-18 08:44:13 +0800"
    },
    "done": true
  },
  "minecraft:recipes/building_blocks/cut_sandstone_from_sandstone_stonecutting": {
    "criteria": {
      "has_sandstone": "2022-06-22 16:46:17 +0800"
    },
    "done": true
  },
  "minecraft:nether/root": {
    "criteria": {
      "entered_nether": "2022-07-01 13:18:09 +0800"
    },
    "done": true
  },
  "minecraft:recipes/misc/green_dye": {
    "criteria": {
      "has_cactus": "2022-06-19 11:36:36 +0800"
    },
    "done": true
  },
  "minecraft:recipes/redstone/birch_pressure_plate": {
    "criteria": {
      "has_planks": "2022-06-19 10:37:50 +0800"
    },
    "done": true
  },
  "minecraft:recipes/decorations/campfire": {
    "criteria": {
      "has_stick": "2022-06-17 18:26:09 +0800"
    },
    "done": true
  },
  "minecraft:recipes/redstone/redstone": {
    "criteria": {
      "has_redstone_block": "2024-01-14 17:18:22 +0800"
    },
    "done": true
  },
  "minecraft:recipes/tools/golden_hoe": {
    "criteria": {
      "has_gold_ingot": "2022-06-19 11:24:01 +0800"
    },
    "done": true
  },
  "minecraft:recipes/food/bread": {
    "criteria": {
      "has_wheat": "2022-07-01 10:33:25 +0800"
    },
    "done": true
  },
  "minecraft:recipes/building_blocks/smooth_stone": {
    "criteria": {
      "has_stone": "2022-10-20 15:12:24 +0800"
    },
    "done": true
  },
  "minecraft:recipes/misc/iron_nugget": {
    "criteria": {
      "has_iron_ingot": "2022-06-18 08:43:57 +0800"
    },
    "done": true
  },
  "minecraft:recipes/transportation/hopper_minecart": {
    "criteria": {
      "has_minecart": "2022-06-18 08:44:13 +0800"
    },
    "done": true
  },
  "minecraft:recipes/building_blocks/brown_concrete_powder": {
    "criteria": {
      "has_sand": "2022-06-17 18:24:04 +0800"
    },
    "done": true
  },
  "minecraft:recipes/decorations/nether_brick_wall": {
    "criteria": {
      "has_nether_bricks": "2022-06-19 08:32:54 +0800"
    },
    "done": true
  },
  "minecraft:recipes/building_blocks/stone_slab_from_stone_stonecutting": {
    "criteria": {
      "has_stone": "2022-10-20 15:12:24 +0800"
    },
    "done": true
  },
  "minecraft:recipes/decorations/black_bed_from_white_bed": {
    "criteria": {
      "has_bed": "2022-06-19 10:36:34 +0800"
    },
    "done": true
  },
  "minecraft:recipes/decorations/pink_carpet": {
    "criteria": {
      "has_pink_wool": "2024-02-22 19:47:23 +0800"
    },
    "done": true
  },
  "minecraft:recipes/misc/bone_meal_from_bone_block": {
    "criteria": {
      "has_bone_block": "2024-01-01 11:28:34 +0800"
    },
    "done": true
  },
  "minecraft:recipes/decorations/blue_stained_glass_pane_from_glass_pane": {
    "criteria": {
      "has_glass_pane": "2023-12-23 15:21:51 +0800"
    },
    "done": true
  },
  "minecraft:recipes/combat/diamond_sword": {
    "criteria": {
      "has_diamond": "2022-06-19 11:29:19 +0800"
    },
    "done": true
  },
  "minecraft:recipes/building_blocks/blue_stained_glass": {
    "criteria": {
      "has_glass": "2024-01-13 13:52:23 +0800"
    },
    "done": true
  },
  "minecraft:recipes/building_blocks/cyan_wool": {
    "criteria": {
      "has_white_wool": "2022-07-01 13:40:28 +0800"
    },
    "done": true
  },
  "minecraft:recipes/misc/white_dye": {
    "criteria": {
      "has_bone_meal": "2023-08-13 10:31:48 +0800"
    },
    "done": true
  },
  "minecraft:recipes/transportation/spruce_boat": {
    "criteria": {
      "in_water": "2022-06-17 18:21:41 +0800"
    },
    "done": true
  },
  "minecraft:recipes/decorations/jukebox": {
    "criteria": {
      "has_diamond": "2022-06-19 11:29:19 +0800"
    },
    "done": true
  },
  "minecraft:recipes/building_blocks/diorite": {
    "criteria": {
      "has_quartz": "2023-10-26 10:24:52 +0800"
    },
    "done": true
  },
  "minecraft:recipes/tools/flint_and_steel": {
    "criteria": {
      "has_obsidian": "2022-06-18 08:00:23 +0800"
    },
    "done": true
  },
  "minecraft:recipes/building_blocks/nether_bricks": {
    "criteria": {
      "has_netherbrick": "2023-10-09 10:11:41 +0800"
    },
    "done": true
  },
  "minecraft:recipes/food/mushroom_stew": {
    "criteria": {
      "has_bowl": "2022-07-01 10:31:10 +0800"
    },
    "done": true
  },
  "minecraft:recipes/building_blocks/gray_wool": {
    "criteria": {
      "has_white_wool": "2022-07-01 13:40:28 +0800"
    },
    "done": true
  },
  "minecraft:recipes/building_blocks/polished_granite_from_granite_stonecutting": {
    "criteria": {
      "has_granite": "2022-08-14 10:40:32 +0800"
    },
    "done": true
  },
  "minecraft:recipes/misc/sugar_from_sugar_cane": {
    "criteria": {
      "has_reeds": "2022-06-17 18:25:21 +0800"
    },
    "done": true
  },
  "minecraft:recipes/misc/gold_nugget": {
    "criteria": {
      "has_gold_ingot": "2022-06-19 11:24:01 +0800"
    },
    "done": true
  },
  "minecraft:husbandry/balanced_diet": {
    "criteria": {
      "chicken": "2022-10-17 09:40:51 +0800",
      "cooked_cod": "2022-06-19 12:06:54 +0800",
      "golden_apple": "2023-12-23 19:16:20 +0800",
      "rotten_flesh": "2022-07-29 09:38:43 +0800",
      "golden_carrot": "2022-06-19 10:28:07 +0800",
      "cooked_salmon": "2022-06-20 17:39:25 +0800"
    },
    "done": false
  },
  "minecraft:recipes/building_blocks/gray_terracotta": {
    "criteria": {
      "has_terracotta": "2023-03-18 11:24:37 +0800"
    },
    "done": true
  },
  "minecraft:recipes/tools/wooden_hoe": {
    "criteria": {
      "has_stick": "2022-06-17 18:26:09 +0800"
    },
    "done": true
  },
  "minecraft:recipes/redstone/jungle_trapdoor": {
    "criteria": {
      "has_planks": "2022-07-01 19:09:53 +0800"
    },
    "done": true
  },
  "minecraft:recipes/decorations/respawn_anchor": {
    "criteria": {
      "has_obsidian": "2022-06-19 08:32:54 +0800"
    },
    "done": true
  },
  "minecraft:recipes/misc/bucket": {
    "criteria": {
      "has_iron_ingot": "2022-06-18 08:43:57 +0800"
    },
    "done": true
  },
  "minecraft:recipes/redstone/jungle_button": {
    "criteria": {
      "has_planks": "2022-07-01 19:09:53 +0800"
    },
    "done": true
  },
  "minecraft:recipes/building_blocks/cobblestone_stairs": {
    "criteria": {
      "has_cobblestone": "2022-06-18 08:04:36 +0800"
    },
    "done": true
  },
  "minecraft:recipes/building_blocks/birch_slab": {
    "criteria": {
      "has_planks": "2022-06-19 10:37:50 +0800"
    },
    "done": true
  },
  "minecraft:recipes/building_blocks/chiseled_sandstone_from_sandstone_stonecutting": {
    "criteria": {
      "has_sandstone": "2022-06-22 16:46:17 +0800"
    },
    "done": true
  },
  "minecraft:recipes/decorations/yellow_bed_from_white_bed": {
    "criteria": {
      "has_bed": "2022-06-19 10:36:34 +0800"
    },
    "done": true
  },
  "minecraft:recipes/decorations/granite_wall": {
    "criteria": {
      "has_granite": "2022-08-14 10:40:32 +0800"
    },
    "done": true
  },
  "minecraft:recipes/redstone/note_block": {
    "criteria": {
      "has_redstone": "2022-07-29 09:35:28 +0800"
    },
    "done": true
  },
  "minecraft:recipes/decorations/white_banner": {
    "criteria": {
      "has_white_wool": "2022-07-01 13:40:28 +0800"
    },
    "done": true
  },
  "minecraft:recipes/decorations/green_stained_glass_pane_from_glass_pane": {
    "criteria": {
      "has_glass_pane": "2023-12-23 15:21:51 +0800"
    },
    "done": true
  },
  "minecraft:recipes/building_blocks/light_blue_concrete_powder": {
    "criteria": {
      "has_sand": "2022-06-17 18:24:04 +0800"
    },
    "done": true
  },
  "minecraft:recipes/building_blocks/polished_diorite_slab_from_diorite_stonecutting": {
    "criteria": {
      "has_diorite": "2024-02-12 13:24:40 +0800"
    },
    "done": true
  },
  "minecraft:recipes/decorations/pink_banner": {
    "criteria": {
      "has_pink_wool": "2024-02-22 19:47:23 +0800"
    },
    "done": true
  },
  "minecraft:recipes/decorations/mossy_cobblestone_wall": {
    "criteria": {
      "has_mossy_cobblestone": "2022-07-29 09:36:57 +0800"
    },
    "done": true
  },
  "minecraft:recipes/building_blocks/orange_terracotta": {
    "criteria": {
      "has_terracotta": "2023-03-18 11:24:37 +0800"
    },
    "done": true
  },
  "minecraft:recipes/building_blocks/hay_block": {
    "criteria": {
      "has_wheat": "2022-07-01 10:33:25 +0800"
    },
    "done": true
  },
  "minecraft:recipes/misc/leather_horse_armor": {
    "criteria": {
      "has_leather": "2022-07-19 11:26:21 +0800"
    },
    "done": true
  },
  "minecraft:recipes/building_blocks/glass": {
    "criteria": {
      "has_sand": "2022-06-17 18:24:04 +0800"
    },
    "done": true
  },
  "minecraft:recipes/decorations/white_glazed_terracotta": {
    "criteria": {
      "has_white_terracotta": "2022-10-20 15:15:13 +0800"
    },
    "done": true
  },
  "minecraft:recipes/combat/iron_helmet": {
    "criteria": {
      "has_iron_ingot": "2022-06-18 08:43:57 +0800"
    },
    "done": true
  },
  "minecraft:recipes/tools/golden_shovel": {
    "criteria": {
      "has_gold_ingot": "2022-06-19 11:24:01 +0800"
    },
    "done": true
  },
  "minecraft:recipes/combat/bow": {
    "criteria": {
      "has_string": "2022-06-19 08:32:54 +0800"
    },
    "done": true
  },
  "minecraft:recipes/decorations/mossy_cobblestone_wall_from_mossy_cobblestone_stonecutting": {
    "criteria": {
      "has_mossy_cobblestone": "2022-07-29 09:36:57 +0800"
    },
    "done": true
  },
  "minecraft:recipes/redstone/oak_fence_gate": {
    "criteria": {
      "has_planks": "2022-06-17 18:19:09 +0800"
    },
    "done": true
  },
  "minecraft:recipes/redstone/tnt": {
    "criteria": {
      "has_gunpowder": "2022-06-23 19:57:17 +0800"
    },
    "done": true
  },
  "minecraft:recipes/food/cooked_chicken_from_smoking": {
    "criteria": {
      "has_chicken": "2022-10-17 09:40:49 +0800"
    },
    "done": true
  },
  "minecraft:recipes/building_blocks/acacia_slab": {
    "criteria": {
      "has_planks": "2022-06-18 08:45:16 +0800"
    },
    "done": true
  },
  "minecraft:recipes/building_blocks/smooth_sandstone": {
    "criteria": {
      "has_sandstone": "2022-06-22 16:46:17 +0800"
    },
    "done": true
  },
  "minecraft:recipes/building_blocks/granite": {
    "criteria": {
      "has_quartz": "2023-10-26 10:24:52 +0800"
    },
    "done": true
  },
  "minecraft:recipes/building_blocks/purple_concrete_powder": {
    "criteria": {
      "has_sand": "2022-06-17 18:24:04 +0800"
    },
    "done": true
  },
  "minecraft:recipes/building_blocks/cut_sandstone_slab_from_cut_sandstone_stonecutting": {
    "criteria": {
      "has_cut_sandstone": "2022-06-22 16:46:17 +0800"
    },
    "done": true
  },
  "minecraft:recipes/decorations/orange_bed_from_white_bed": {
    "criteria": {
      "has_bed": "2022-06-19 10:36:34 +0800"
    },
    "done": true
  },
  "minecraft:recipes/combat/diamond_chestplate": {
    "criteria": {
      "has_diamond": "2022-06-19 11:29:19 +0800"
    },
    "done": true
  },
  "minecraft:recipes/building_blocks/prismarine_slab": {
    "criteria": {
      "has_prismarine": "2023-02-25 12:46:26 +0800"
    },
    "done": true
  },
  "minecraft:story/mine_stone": {
    "criteria": {
      "get_stone": "2022-06-18 08:04:36 +0800"
    },
    "done": true
  },
  "minecraft:recipes/redstone/target": {
    "criteria": {
      "has_redstone": "2022-07-29 09:35:28 +0800"
    },
    "done": true
  },
  "minecraft:recipes/decorations/furnace": {
    "criteria": {
      "has_cobblestone": "2022-06-18 08:04:36 +0800"
    },
    "done": true
  },
  "minecraft:recipes/transportation/minecart": {
    "criteria": {
      "has_iron_ingot": "2022-06-18 08:43:57 +0800"
    },
    "done": true
  },
  "minecraft:recipes/decorations/orange_glazed_terracotta": {
    "criteria": {
      "has_orange_terracotta": "2022-07-01 22:00:47 +0800"
    },
    "done": true
  },
  "minecraft:recipes/misc/charcoal": {
    "criteria": {
      "has_log": "2022-06-18 08:45:14 +0800"
    },
    "done": true
  },
  "minecraft:recipes/building_blocks/andesite_stairs": {
    "criteria": {
      "has_andesite": "2022-06-19 11:27:30 +0800"
    },
    "done": true
  },
  "minecraft:recipes/redstone/crimson_door": {
    "criteria": {
      "has_planks": "2022-06-19 11:15:39 +0800"
    },
    "done": true
  },
  "minecraft:recipes/building_blocks/orange_wool": {
    "criteria": {
      "has_white_wool": "2022-07-01 13:40:28 +0800"
    },
    "done": true
  },
  "minecraft:recipes/tools/wooden_pickaxe": {
    "criteria": {
      "has_stick": "2022-06-17 18:26:09 +0800"
    },
    "done": true
  },
  "minecraft:recipes/tools/iron_hoe": {
    "criteria": {
      "has_iron_ingot": "2022-06-18 08:43:57 +0800"
    },
    "done": true
  },
  "minecraft:husbandry/root": {
    "criteria": {
      "consumed_item": "2022-06-19 10:28:07 +0800"
    },
    "done": true
  },
  "minecraft:recipes/redstone/redstone_torch": {
    "criteria": {
      "has_redstone": "2022-07-29 09:35:28 +0800"
    },
    "done": true
  },
  "minecraft:recipes/transportation/birch_boat": {
    "criteria": {
      "in_water": "2022-06-17 18:21:41 +0800"
    },
    "done": true
  },
  "minecraft:recipes/redstone/warped_pressure_plate": {
    "criteria": {
      "has_planks": "2024-02-11 10:08:42 +0800"
    },
    "done": true
  },
  "minecraft:recipes/food/golden_apple": {
    "criteria": {
      "has_gold_ingot": "2022-06-19 11:24:01 +0800"
    },
    "done": true
  },
  "minecraft:recipes/building_blocks/polished_granite_slab_from_granite_stonecutting": {
    "criteria": {
      "has_granite": "2022-08-14 10:40:32 +0800"
    },
    "done": true
  },
  "minecraft:recipes/building_blocks/green_concrete_powder": {
    "criteria": {
      "has_sand": "2022-06-17 18:24:04 +0800"
    },
    "done": true
  },
  "minecraft:recipes/decorations/enchanting_table": {
    "criteria": {
      "has_obsidian": "2022-06-18 08:00:23 +0800"
    },
    "done": true
  },
  "minecraft:recipes/building_blocks/polished_andesite_from_andesite_stonecutting": {
    "criteria": {
      "has_andesite": "2022-06-19 11:27:30 +0800"
    },
    "done": true
  },
  "minecraft:recipes/tools/iron_shovel": {
    "criteria": {
      "has_iron_ingot": "2022-06-18 08:43:57 +0800"
    },
    "done": true
  },
  "minecraft:recipes/redstone/acacia_door": {
    "criteria": {
      "has_planks": "2022-06-18 08:45:16 +0800"
    },
    "done": true
  },
  "minecraft:recipes/building_blocks/orange_stained_glass": {
    "criteria": {
      "has_glass": "2024-01-13 13:52:23 +0800"
    },
    "done": true
  },
  "minecraft:recipes/decorations/cyan_bed_from_white_bed": {
    "criteria": {
      "has_bed": "2022-06-19 10:36:34 +0800"
    },
    "done": true
  },
  "minecraft:recipes/misc/bowl": {
    "criteria": {
      "has_the_recipe": "2022-07-01 10:31:10 +0800"
    },
    "done": true
  },
  "minecraft:recipes/food/cooked_salmon_from_campfire_cooking": {
    "criteria": {
      "has_salmon": "2022-06-18 08:11:44 +0800"
    },
    "done": true
  },
  "minecraft:recipes/decorations/item_frame": {
    "criteria": {
      "has_leather": "2022-07-19 11:26:21 +0800"
    },
    "done": true
  },
  "minecraft:recipes/decorations/lime_bed_from_white_bed": {
    "criteria": {
      "has_bed": "2022-06-19 10:36:34 +0800"
    },
    "done": true
  },
  "minecraft:recipes/tools/stone_hoe": {
    "criteria": {
      "has_cobblestone": "2022-06-18 08:04:36 +0800"
    },
    "done": true
  },
  "minecraft:recipes/redstone/crimson_trapdoor": {
    "criteria": {
      "has_planks": "2022-06-19 11:15:39 +0800"
    },
    "done": true
  },
  "minecraft:recipes/tools/clock": {
    "criteria": {
      "has_redstone": "2022-07-29 09:35:28 +0800"
    },
    "done": true
  },
  "minecraft:recipes/decorations/spruce_fence": {
    "criteria": {
      "has_planks": "2022-06-22 21:09:37 +0800"
    },
    "done": true
  },
  "minecraft:recipes/tools/diamond_hoe": {
    "criteria": {
      "has_diamond": "2022-06-19 11:29:19 +0800"
    },
    "done": true
  },
  "minecraft:recipes/combat/spectral_arrow": {
    "criteria": {
      "has_glowstone_dust": "2022-06-19 08:32:54 +0800"
    },
    "done": true
  },
  "minecraft:recipes/transportation/activator_rail": {
    "criteria": {
      "has_rail": "2024-01-14 17:18:24 +0800"
    },
    "done": true
  },
  "minecraft:recipes/building_blocks/dark_oak_stairs": {
    "criteria": {
      "has_planks": "2022-06-19 10:34:29 +0800"
    },
    "done": true
  },
  "minecraft:recipes/tools/diamond_shovel": {
    "criteria": {
      "has_diamond": "2022-06-19 11:29:19 +0800"
    },
    "done": true
  },
  "minecraft:story/enter_the_nether": {
    "criteria": {
      "entered_nether": "2022-07-01 13:18:09 +0800"
    },
    "done": true
  },
  "minecraft:recipes/decorations/end_crystal": {
    "criteria": {
      "has_ender_eye": "2023-03-18 20:16:23 +0800"
    },
    "done": true
  },
  "minecraft:recipes/decorations/green_bed_from_white_bed": {
    "criteria": {
      "has_bed": "2022-06-19 10:36:34 +0800"
    },
    "done": true
  },
  "minecraft:recipes/decorations/red_glazed_terracotta": {
    "criteria": {
      "has_red_terracotta": "2024-02-03 09:51:54 +0800"
    },
    "done": true
  },
  "minecraft:recipes/building_blocks/blue_ice": {
    "criteria": {
      "has_packed_ice": "2024-01-31 21:10:17 +0800"
    },
    "done": true
  },
  "minecraft:recipes/building_blocks/granite_slab": {
    "criteria": {
      "has_granite": "2022-08-14 10:40:32 +0800"
    },
    "done": true
  },
  "minecraft:recipes/decorations/white_carpet": {
    "criteria": {
      "has_white_wool": "2022-07-01 13:40:28 +0800"
    },
    "done": true
  },
  "minecraft:recipes/decorations/ender_chest": {
    "criteria": {
      "has_ender_eye": "2023-03-18 20:16:23 +0800"
    },
    "done": true
  },
  "minecraft:recipes/decorations/dark_oak_sign": {
    "criteria": {
      "has_dark_oak_planks": "2022-06-19 10:34:29 +0800"
    },
    "done": true
  },
  "minecraft:recipes/building_blocks/spruce_stairs": {
    "criteria": {
      "has_planks": "2022-06-22 21:09:37 +0800"
    },
    "done": true
  },
  "minecraft:recipes/decorations/black_stained_glass_pane_from_glass_pane": {
    "criteria": {
      "has_glass_pane": "2023-12-23 15:21:51 +0800"
    },
    "done": true
  },
  "minecraft:recipes/decorations/pink_stained_glass_pane_from_glass_pane": {
    "criteria": {
      "has_glass_pane": "2023-12-23 15:21:51 +0800"
    },
    "done": true
  },
  "minecraft:recipes/redstone/birch_door": {
    "criteria": {
      "has_planks": "2022-06-19 10:37:50 +0800"
    },
    "done": true
  },
  "minecraft:recipes/building_blocks/jack_o_lantern": {
    "criteria": {
      "has_carved_pumpkin": "2024-02-11 12:24:42 +0800"
    },
    "done": true
  },
  "minecraft:recipes/decorations/glass_pane": {
    "criteria": {
      "has_glass": "2024-01-13 13:52:23 +0800"
    },
    "done": true
  },
  "minecraft:recipes/misc/gold_ingot_from_nuggets": {
    "criteria": {
      "has_gold_nugget": "2022-06-19 11:22:05 +0800"
    },
    "done": true
  },
  "minecraft:recipes/building_blocks/magenta_stained_glass": {
    "criteria": {
      "has_glass": "2024-01-13 13:52:23 +0800"
    },
    "done": true
  },
  "minecraft:story/mine_diamond": {
    "criteria": {
      "diamond": "2022-06-19 11:29:19 +0800"
    },
    "done": true
  },
  "minecraft:recipes/combat/diamond_helmet": {
    "criteria": {
      "has_diamond": "2022-06-19 11:29:19 +0800"
    },
    "done": true
  },
  "minecraft:recipes/building_blocks/polished_granite_stairs_from_granite_stonecutting": {
    "criteria": {
      "has_granite": "2022-08-14 10:40:32 +0800"
    },
    "done": true
  },
  "minecraft:recipes/decorations/green_carpet_from_white_carpet": {
    "criteria": {
      "has_green_dye": "2024-02-25 20:03:57 +0800"
    },
    "done": true
  },
  "minecraft:recipes/building_blocks/polished_blackstone_brick_stairs_from_polished_blackstone_bricks_stonecutting": {
    "criteria": {
      "has_polished_blackstone_bricks": "2022-07-15 14:46:20 +0800"
    },
    "done": true
  },
  "minecraft:recipes/decorations/snow": {
    "criteria": {
      "has_snowball": "2024-01-13 13:53:01 +0800"
    },
    "done": true
  },
  "minecraft:recipes/transportation/oak_boat": {
    "criteria": {
      "in_water": "2022-06-17 18:21:41 +0800"
    },
    "done": true
  },
  "minecraft:recipes/decorations/blue_bed_from_white_bed": {
    "criteria": {
      "has_bed": "2022-06-19 10:36:34 +0800"
    },
    "done": true
  },
  "minecraft:recipes/decorations/birch_fence": {
    "criteria": {
      "has_planks": "2022-06-19 10:37:50 +0800"
    },
    "done": true
  },
  "minecraft:recipes/decorations/sandstone_wall_from_sandstone_stonecutting": {
    "criteria": {
      "has_sandstone": "2022-06-22 16:46:17 +0800"
    },
    "done": true
  },
  "minecraft:recipes/building_blocks/cyan_concrete_powder": {
    "criteria": {
      "has_sand": "2022-06-17 18:24:04 +0800"
    },
    "done": true
  },
  "minecraft:recipes/combat/golden_boots": {
    "criteria": {
      "has_gold_ingot": "2022-06-19 11:24:01 +0800"
    },
    "done": true
  },
  "minecraft:recipes/tools/wooden_axe": {
    "criteria": {
      "has_stick": "2022-06-17 18:26:09 +0800"
    },
    "done": true
  },
  "minecraft:recipes/decorations/spruce_sign": {
    "criteria": {
      "has_spruce_planks": "2022-06-22 21:09:37 +0800"
    },
    "done": true
  },
  "minecraft:recipes/building_blocks/lime_wool": {
    "criteria": {
      "has_white_wool": "2022-07-01 13:40:28 +0800"
    },
    "done": true
  },
  "minecraft:recipes/building_blocks/mossy_stone_bricks": {
    "criteria": {
      "has_mossy_cobblestone": "2022-07-29 09:36:57 +0800"
    },
    "done": true
  },
  "minecraft:recipes/misc/paper": {
    "criteria": {
      "has_reeds": "2022-06-17 18:25:21 +0800"
    },
    "done": true
  },
  "minecraft:recipes/building_blocks/polished_diorite_stairs_from_diorite_stonecutting": {
    "criteria": {
      "has_diorite": "2024-02-12 13:24:40 +0800"
    },
    "done": true
  },
  "minecraft:recipes/building_blocks/stone_bricks_from_stone_stonecutting": {
    "criteria": {
      "has_stone": "2022-10-20 15:12:24 +0800"
    },
    "done": true
  },
  "minecraft:recipes/building_blocks/chiseled_nether_bricks_from_nether_bricks_stonecutting": {
    "criteria": {
      "has_nether_bricks": "2022-06-19 08:32:54 +0800"
    },
    "done": true
  },
  "minecraft:husbandry/tactical_fishing": {
    "criteria": {
      "salmon_bucket": "2023-08-13 10:31:45 +0800"
    },
    "done": true
  },
  "minecraft:recipes/decorations/loom": {
    "criteria": {
      "has_string": "2022-06-19 08:32:54 +0800"
    },
    "done": true
  },
  "minecraft:recipes/building_blocks/green_wool": {
    "criteria": {
      "has_white_wool": "2022-07-01 13:40:28 +0800"
    },
    "done": true
  },
  "minecraft:recipes/redstone/warped_button": {
    "criteria": {
      "has_planks": "2024-02-11 10:08:42 +0800"
    },
    "done": true
  },
  "minecraft:recipes/tools/diamond_axe": {
    "criteria": {
      "has_diamond": "2022-06-19 11:29:19 +0800"
    },
    "done": true
  },
  "minecraft:recipes/building_blocks/brown_wool": {
    "criteria": {
      "has_white_wool": "2022-07-01 13:40:28 +0800"
    },
    "done": true
  },
  "minecraft:nether/find_fortress": {
    "criteria": {
      "fortress": "2022-07-20 13:24:45 +0800"
    },
    "done": true
  },
  "minecraft:recipes/decorations/scaffolding": {
    "criteria": {
      "has_bamboo": "2022-07-17 08:11:51 +0800"
    },
    "done": true
  },
  "minecraft:recipes/building_blocks/warped_stairs": {
    "criteria": {
      "has_planks": "2024-02-11 10:08:42 +0800"
    },
    "done": true
  },
  "minecraft:recipes/decorations/painting": {
    "criteria": {
      "has_wool": "2022-07-01 13:40:28 +0800"
    },
    "done": true
  },
  "minecraft:recipes/decorations/pink_bed": {
    "criteria": {
      "has_pink_wool": "2024-02-22 19:47:23 +0800"
    },
    "done": true
  },
  "minecraft:recipes/building_blocks/white_stained_glass": {
    "criteria": {
      "has_glass": "2024-01-13 13:52:23 +0800"
    },
    "done": true
  },
  "minecraft:recipes/redstone/warped_trapdoor": {
    "criteria": {
      "has_planks": "2024-02-11 10:08:42 +0800"
    },
    "done": true
  },
  "minecraft:recipes/building_blocks/red_terracotta": {
    "criteria": {
      "has_terracotta": "2023-03-18 11:24:37 +0800"
    },
    "done": true
  },
  "minecraft:recipes/misc/nether_brick": {
    "criteria": {
      "has_netherrack": "2022-07-20 13:25:51 +0800"
    },
    "done": true
  },
  "minecraft:recipes/redstone/acacia_fence_gate": {
    "criteria": {
      "has_planks": "2022-06-18 08:45:16 +0800"
    },
    "done": true
  },
  "minecraft:recipes/combat/arrow": {
    "criteria": {
      "has_flint": "2022-06-19 11:22:01 +0800"
    },
    "done": true
  },
  "minecraft:recipes/building_blocks/andesite_slab_from_andesite_stonecutting": {
    "criteria": {
      "has_andesite": "2022-06-19 11:27:30 +0800"
    },
    "done": true
  },
  "minecraft:recipes/building_blocks/stone_slab": {
    "criteria": {
      "has_stone": "2022-10-20 15:12:24 +0800"
    },
    "done": true
  },
  "minecraft:recipes/decorations/black_carpet": {
    "criteria": {
      "has_black_wool": "2024-03-04 15:48:32 +0800"
    },
    "done": true
  },
  "minecraft:recipes/misc/gold_ingot": {
    "criteria": {
      "has_gold_ore": "2022-10-20 15:09:14 +0800"
    },
    "done": true
  },
  "minecraft:recipes/redstone/light_weighted_pressure_plate": {
    "criteria": {
      "has_gold_ingot": "2022-06-19 11:24:01 +0800"
    },
    "done": true
  },
  "minecraft:recipes/misc/gold_nugget_from_blasting": {
    "criteria": {
      "has_golden_helmet": "2022-06-19 11:22:01 +0800"
    },
    "done": true
  },
  "minecraft:recipes/tools/stone_shovel": {
    "criteria": {
      "has_cobblestone": "2022-06-18 08:04:36 +0800"
    },
    "done": true
  },
  "minecraft:recipes/building_blocks/blue_concrete_powder": {
    "criteria": {
      "has_sand": "2022-06-17 18:24:04 +0800"
    },
    "done": true
  },
  "minecraft:recipes/building_blocks/mossy_cobblestone_slab": {
    "criteria": {
      "has_mossy_cobblestone": "2022-07-29 09:36:57 +0800"
    },
    "done": true
  },
  "minecraft:recipes/misc/conduit": {
    "criteria": {
      "has_nautilus_core": "2022-06-19 11:32:10 +0800"
    },
    "done": true
  },
  "minecraft:recipes/building_blocks/cyan_stained_glass": {
    "criteria": {
      "has_glass": "2024-01-13 13:52:23 +0800"
    },
    "done": true
  },
  "minecraft:recipes/building_blocks/spruce_slab": {
    "criteria": {
      "has_planks": "2022-06-22 21:09:37 +0800"
    },
    "done": true
  },
  "minecraft:recipes/misc/coal_from_smelting": {
    "criteria": {
      "has_coal_ore": "2024-03-01 13:40:42 +0800"
    },
    "done": true
  },
  "minecraft:recipes/building_blocks/green_terracotta": {
    "criteria": {
      "has_terracotta": "2023-03-18 11:24:37 +0800"
    },
    "done": true
  },
  "minecraft:recipes/building_blocks/granite_slab_from_granite_stonecutting": {
    "criteria": {
      "has_granite": "2022-08-14 10:40:32 +0800"
    },
    "done": true
  },
  "minecraft:recipes/decorations/jungle_sign": {
    "criteria": {
      "has_jungle_planks": "2022-07-01 19:09:53 +0800"
    },
    "done": true
  },
  "minecraft:recipes/building_blocks/prismarine_stairs_from_prismarine_stonecutting": {
    "criteria": {
      "has_prismarine": "2023-02-25 12:46:26 +0800"
    },
    "done": true
  },
  "minecraft:recipes/building_blocks/brown_terracotta": {
    "criteria": {
      "has_terracotta": "2023-03-18 11:24:37 +0800"
    },
    "done": true
  },
  "minecraft:recipes/building_blocks/polished_andesite_stairs_from_polished_andesite_stonecutting": {
    "criteria": {
      "has_polished_andesite": "2023-12-23 19:04:34 +0800"
    },
    "done": true
  },
  "minecraft:recipes/building_blocks/crimson_planks": {
    "criteria": {
      "has_logs": "2022-06-19 11:15:35 +0800"
    },
    "done": true
  },
  "minecraft:recipes/combat/golden_helmet": {
    "criteria": {
      "has_gold_ingot": "2022-06-19 11:24:01 +0800"
    },
    "done": true
  },
  "minecraft:recipes/redstone/acacia_trapdoor": {
    "criteria": {
      "has_planks": "2022-06-18 08:45:16 +0800"
    },
    "done": true
  },
  "minecraft:recipes/building_blocks/cut_sandstone_slab_from_sandstone_stonecutting": {
    "criteria": {
      "has_sandstone": "2022-06-22 16:46:17 +0800"
    },
    "done": true
  },
  "minecraft:recipes/decorations/warped_sign": {
    "criteria": {
      "has_warped_planks": "2024-02-11 10:08:42 +0800"
    },
    "done": true
  },
  "minecraft:recipes/redstone/oak_pressure_plate": {
    "criteria": {
      "has_planks": "2022-06-17 18:19:09 +0800"
    },
    "done": true
  },
  "minecraft:recipes/decorations/white_stained_glass_pane_from_glass_pane": {
    "criteria": {
      "has_glass_pane": "2023-12-23 15:21:51 +0800"
    },
    "done": true
  },
  "minecraft:recipes/building_blocks/cut_sandstone": {
    "criteria": {
      "has_sandstone": "2022-06-22 16:46:17 +0800"
    },
    "done": true
  },
  "minecraft:recipes/building_blocks/black_terracotta": {
    "criteria": {
      "has_terracotta": "2023-03-18 11:24:37 +0800"
    },
    "done": true
  },
  "minecraft:recipes/building_blocks/polished_basalt": {
    "criteria": {
      "has_basalt": "2022-07-15 14:49:04 +0800"
    },
    "done": true
  },
  "minecraft:recipes/building_blocks/oak_wood": {
    "criteria": {
      "has_log": "2022-06-19 11:26:30 +0800"
    },
    "done": true
  },
  "minecraft:recipes/food/cooked_salmon": {
    "criteria": {
      "has_salmon": "2022-06-18 08:11:44 +0800"
    },
    "done": true
  },
  "minecraft:story/root": {
    "criteria": {
      "crafting_table": "2022-06-18 08:45:17 +0800"
    },
    "done": true
  },
  "minecraft:recipes/building_blocks/sandstone_slab_from_sandstone_stonecutting": {
    "criteria": {
      "has_sandstone": "2022-06-22 16:46:17 +0800"
    },
    "done": true
  },
  "minecraft:recipes/redstone/dropper": {
    "criteria": {
      "has_redstone": "2022-07-29 09:35:28 +0800"
    },
    "done": true
  },
  "minecraft:story/form_obsidian": {
    "criteria": {
      "obsidian": "2022-06-18 08:00:23 +0800"
    },
    "done": true
  },
  "minecraft:recipes/brewing/brewing_stand": {
    "criteria": {
      "has_blaze_rod": "2022-06-19 08:32:54 +0800"
    },
    "done": true
  },
  "minecraft:recipes/food/cooked_rabbit": {
    "criteria": {
      "has_rabbit": "2023-08-13 10:31:09 +0800"
    },
    "done": true
  },
  "minecraft:recipes/building_blocks/jungle_slab": {
    "criteria": {
      "has_planks": "2022-07-01 19:09:53 +0800"
    },
    "done": true
  },
  "minecraft:recipes/combat/leather_chestplate": {
    "criteria": {
      "has_leather": "2022-07-19 11:26:21 +0800"
    },
    "done": true
  },
  "minecraft:recipes/building_blocks/acacia_planks": {
    "criteria": {
      "has_log": "2022-06-18 08:45:14 +0800"
    },
    "done": true
  },
  "minecraft:recipes/tools/compass": {
    "criteria": {
      "has_redstone": "2022-07-29 09:35:28 +0800"
    },
    "done": true
  },
  "minecraft:recipes/redstone/oak_button": {
    "criteria": {
      "has_planks": "2022-06-17 18:19:09 +0800"
    },
    "done": true
  },
  "minecraft:nether/obtain_blaze_rod": {
    "criteria": {
      "blaze_rod": "2022-06-19 08:32:54 +0800"
    },
    "done": true
  },
  "minecraft:recipes/building_blocks/polished_andesite": {
    "criteria": {
      "has_stone": "2022-06-19 11:27:30 +0800"
    },
    "done": true
  },
  "minecraft:recipes/building_blocks/quartz_block": {
    "criteria": {
      "has_quartz": "2023-10-26 10:24:52 +0800"
    },
    "done": true
  },
  "minecraft:recipes/redstone/dark_oak_pressure_plate": {
    "criteria": {
      "has_planks": "2022-06-19 10:34:29 +0800"
    },
    "done": true
  },
  "minecraft:recipes/redstone/iron_door": {
    "criteria": {
      "has_iron_ingot": "2022-06-18 08:43:57 +0800"
    },
    "done": true
  },
  "minecraft:recipes/decorations/composter": {
    "criteria": {
      "has_wood_slab": "2022-07-21 19:40:27 +0800"
    },
    "done": true
  },
  "minecraft:recipes/decorations/nether_brick_fence": {
    "criteria": {
      "has_nether_brick": "2022-06-19 08:32:54 +0800"
    },
    "done": true
  },
  "minecraft:recipes/building_blocks/snow_block": {
    "criteria": {
      "has_snowball": "2024-01-13 13:53:01 +0800"
    },
    "done": true
  },
  "minecraft:recipes/transportation/powered_rail": {
    "criteria": {
      "has_rail": "2024-01-14 17:18:24 +0800"
    },
    "done": true
  },
  "minecraft:nether/loot_bastion": {
    "criteria": {
      "loot_bastion_other": "2022-07-15 14:53:25 +0800"
    },
    "done": true
  },
  "minecraft:recipes/misc/iron_ingot_from_nuggets": {
    "criteria": {
      "has_iron_nugget": "2022-06-19 11:22:05 +0800"
    },
    "done": true
  },
  "minecraft:recipes/redstone/oak_door": {
    "criteria": {
      "has_planks": "2022-06-17 18:19:09 +0800"
    },
    "done": true
  },
  "minecraft:recipes/transportation/jungle_boat": {
    "criteria": {
      "in_water": "2022-06-17 18:21:41 +0800"
    },
    "done": true
  },
  "minecraft:recipes/building_blocks/birch_stairs": {
    "criteria": {
      "has_planks": "2022-06-19 10:37:50 +0800"
    },
    "done": true
  },
  "minecraft:recipes/decorations/stone_brick_walls_from_stone_stonecutting": {
    "criteria": {
      "has_stone": "2022-10-20 15:12:24 +0800"
    },
    "done": true
  },
  "minecraft:recipes/building_blocks/jungle_stairs": {
    "criteria": {
      "has_planks": "2022-07-01 19:09:53 +0800"
    },
    "done": true
  },
  "minecraft:recipes/redstone/heavy_weighted_pressure_plate": {
    "criteria": {
      "has_iron_ingot": "2022-06-18 08:43:57 +0800"
    },
    "done": true
  },
  "minecraft:recipes/transportation/dark_oak_boat": {
    "criteria": {
      "in_water": "2022-06-17 18:21:41 +0800"
    },
    "done": true
  },
  "minecraft:recipes/redstone/daylight_detector": {
    "criteria": {
      "has_quartz": "2023-10-26 10:24:52 +0800"
    },
    "done": true
  },
  "minecraft:recipes/food/pumpkin_pie": {
    "criteria": {
      "has_pumpkin": "2024-01-13 13:51:40 +0800"
    },
    "done": true
  },
  "minecraft:recipes/decorations/andesite_wall_from_andesite_stonecutting": {
    "criteria": {
      "has_andesite": "2022-06-19 11:27:30 +0800"
    },
    "done": true
  },
  "minecraft:recipes/building_blocks/pink_wool": {
    "criteria": {
      "has_white_wool": "2022-07-01 13:40:28 +0800"
    },
    "done": true
  },
  "minecraft:recipes/redstone/jungle_door": {
    "criteria": {
      "has_planks": "2022-07-01 19:09:53 +0800"
    },
    "done": true
  },
  "minecraft:recipes/building_blocks/nether_brick_stairs": {
    "criteria": {
      "has_nether_brick": "2022-06-19 08:32:54 +0800"
    },
    "done": true
  },
  "minecraft:recipes/decorations/brown_bed_from_white_bed": {
    "criteria": {
      "has_bed": "2022-06-19 10:36:34 +0800"
    },
    "done": true
  },
  "minecraft:story/enter_the_end": {
    "criteria": {
      "entered_end": "2024-02-25 20:06:15 +0800"
    },
    "done": true
  },
  "minecraft:recipes/redstone/jungle_fence_gate": {
    "criteria": {
      "has_planks": "2022-07-01 19:09:53 +0800"
    },
    "done": true
  },
  "minecraft:recipes/building_blocks/polished_granite": {
    "criteria": {
      "has_stone": "2022-08-14 10:40:32 +0800"
    },
    "done": true
  },
  "minecraft:recipes/redstone/birch_trapdoor": {
    "criteria": {
      "has_planks": "2022-06-19 10:37:50 +0800"
    },
    "done": true
  },
  "minecraft:recipes/combat/golden_leggings": {
    "criteria": {
      "has_gold_ingot": "2022-06-19 11:24:01 +0800"
    },
    "done": true
  },
  "minecraft:recipes/redstone/piston": {
    "criteria": {
      "has_redstone": "2022-07-29 09:35:28 +0800"
    },
    "done": true
  },
  "minecraft:recipes/building_blocks/stripped_jungle_wood": {
    "criteria": {
      "has_log": "2022-06-23 20:05:36 +0800"
    },
    "done": true
  },
  "minecraft:recipes/building_blocks/stone_stairs": {
    "criteria": {
      "has_stone": "2022-10-20 15:12:24 +0800"
    },
    "done": true
  },
  "minecraft:recipes/redstone/warped_door": {
    "criteria": {
      "has_planks": "2024-02-11 10:08:42 +0800"
    },
    "done": true
  },
  "minecraft:recipes/redstone/spruce_trapdoor": {
    "criteria": {
      "has_planks": "2022-06-22 21:09:37 +0800"
    },
    "done": true
  },
  "minecraft:recipes/decorations/gray_stained_glass_pane_from_glass_pane": {
    "criteria": {
      "has_glass_pane": "2023-12-23 15:21:51 +0800"
    },
    "done": true
  },
  "minecraft:recipes/decorations/light_gray_stained_glass_pane_from_glass_pane": {
    "criteria": {
      "has_glass_pane": "2023-12-23 15:21:51 +0800"
    },
    "done": true
  },
  "minecraft:recipes/transportation/rail": {
    "criteria": {
      "has_minecart": "2022-06-18 08:44:13 +0800"
    },
    "done": true
  },
  "minecraft:recipes/decorations/dark_oak_fence": {
    "criteria": {
      "has_planks": "2022-06-19 10:34:29 +0800"
    },
    "done": true
  },
  "minecraft:recipes/combat/diamond_boots": {
    "criteria": {
      "has_diamond": "2022-06-19 11:29:19 +0800"
    },
    "done": true
  },
  "minecraft:recipes/decorations/polished_blackstone_brick_wall_from_polished_blackstone_bricks_stonecutting": {
    "criteria": {
      "has_polished_blackstone_bricks": "2022-07-15 14:46:20 +0800"
    },
    "done": true
  },
  "minecraft:recipes/decorations/soul_campfire": {
    "criteria": {
      "has_stick": "2022-06-17 18:26:09 +0800"
    },
    "done": true
  },
  "minecraft:story/smelt_iron": {
    "criteria": {
      "iron": "2022-06-18 08:43:57 +0800"
    },
    "done": true
  },
  "minecraft:recipes/building_blocks/mossy_cobblestone_stairs": {
    "criteria": {
      "has_mossy_cobblestone": "2022-07-29 09:36:57 +0800"
    },
    "done": true
  },
  "minecraft:recipes/building_blocks/pink_stained_glass": {
    "criteria": {
      "has_glass": "2024-01-13 13:52:23 +0800"
    },
    "done": true
  },
  "minecraft:recipes/decorations/light_gray_bed_from_white_bed": {
    "criteria": {
      "has_bed": "2022-06-19 10:36:34 +0800"
    },
    "done": true
  },
  "minecraft:recipes/building_blocks/bone_block": {
    "criteria": {
      "has_bonemeal": "2023-08-13 10:31:48 +0800"
    },
    "done": true
  },
  "minecraft:recipes/building_blocks/warped_slab": {
    "criteria": {
      "has_planks": "2024-02-11 10:08:42 +0800"
    },
    "done": true
  },
  "DataVersion": 2567
}